ID,Name,Form,Base Stamina,Base Attack,Base Defense,Type1,Type2,Base Capture Rate,Base Flee Rate,Height (m),Height SD,Weight (kg),Weight SD,Candy To Evolve,Buddy Candy Distance (km),Model Height,Buddy Size,Class,Family,Stardust To Unlock Move,Candy To Unlock Move,isTransferable,isDeployable,isTradable
1,BULBASAUR,BULBASAUR_FALL_2019/BULBASAUR_NORMAL,128,118,111,POKEMON_TYPE_GRASS,POKEMON_TYPE_POISON,0,0,0.7,0.0875,6.9,0.8625,25,3.0,0.7,BUDDY_NORMAL,NONE,FAMILY_BULBASAUR,10000,25,True,True,True
2,IVYSAUR,IVYSAUR_NORMAL,155,151,143,POKEMON_TYPE_GRASS,POKEMON_TYPE_POISON,0,0,1.0,0.125,13.0,1.625,100,3.0,1.25,BUDDY_BIG,NONE,FAMILY_BULBASAUR,10000,25,True,True,True
3,VENUSAUR,VENUSAUR_COPY_2019/VENUSAUR_NORMAL,190,198,189,POKEMON_TYPE_GRASS,POKEMON_TYPE_POISON,0,0,2.0,0.25,100.0,12.5,0,3.0,1.9,BUDDY_BIG,NONE,FAMILY_BULBASAUR,10000,25,True,True,True
4,CHARMANDER,CHARMANDER_FALL_2019/CHARMANDER_NORMAL,118,116,93,POKEMON_TYPE_FIRE,POKEMON_TYPE_NONE,0,0,0.6,0.075,8.5,1.0625,25,3.0,0.6,BUDDY_NORMAL,NONE,FAMILY_CHARMANDER,10000,25,True,True,True
5,CHARMELEON,CHARMELEON_NORMAL,151,158,126,POKEMON_TYPE_FIRE,POKEMON_TYPE_NONE,0,0,1.1,0.1375,19.0,2.375,100,3.0,1.03,BUDDY_NORMAL,NONE,FAMILY_CHARMANDER,10000,25,True,True,True
6,CHARIZARD,CHARIZARD_COPY_2019/CHARIZARD_NORMAL,186,223,173,POKEMON_TYPE_FIRE,POKEMON_TYPE_FLYING,0,0,1.7,0.2125,90.5,11.3125,0,3.0,1.91,BUDDY_BIG,NONE,FAMILY_CHARMANDER,10000,25,True,True,True
7,SQUIRTLE,SQUIRTLE_FALL_2019/SQUIRTLE_NORMAL,127,94,121,POKEMON_TYPE_WATER,POKEMON_TYPE_NONE,0,0,0.5,0.0625,9.0,1.125,25,3.0,0.43,BUDDY_NORMAL,NONE,FAMILY_SQUIRTLE,10000,25,True,True,True
8,WARTORTLE,WARTORTLE_NORMAL,153,126,155,POKEMON_TYPE_WATER,POKEMON_TYPE_NONE,0,0,1.0,0.125,22.5,2.8125,100,3.0,1.0,BUDDY_NORMAL,NONE,FAMILY_SQUIRTLE,10000,25,True,True,True
9,BLASTOISE,BLASTOISE_COPY_2019/BLASTOISE_NORMAL,188,171,207,POKEMON_TYPE_WATER,POKEMON_TYPE_NONE,0,0,1.6,0.2,85.5,10.6875,0,3.0,1.39,BUDDY_BIG,NONE,FAMILY_SQUIRTLE,10000,25,True,True,True
10,CATERPIE,CATERPIE_NORMAL,128,55,55,POKEMON_TYPE_BUG,POKEMON_TYPE_NONE,0,0,0.3,0.0375,2.9,0.3625,12,1.0,0.19,BUDDY_SHOULDER,NONE,FAMILY_CATERPIE,10000,25,True,True,True
11,METAPOD,METAPOD_NORMAL,137,45,80,POKEMON_TYPE_BUG,POKEMON_TYPE_NONE,0,0,0.7,0.0875,9.9,1.2375,50,1.0,0.7,BUDDY_NORMAL,NONE,FAMILY_CATERPIE,10000,25,True,True,True
12,BUTTERFREE,BUTTERFREE_NORMAL,155,167,137,POKEMON_TYPE_BUG,POKEMON_TYPE_FLYING,0,0,1.1,0.1375,32.0,4.0,0,1.0,0.95,BUDDY_FLYING,NONE,FAMILY_CATERPIE,10000,25,True,True,True
13,WEEDLE,WEEDLE_NORMAL,120,63,50,POKEMON_TYPE_BUG,POKEMON_TYPE_POISON,0,0,0.3,0.0375,3.2,0.4,12,1.0,0.18,BUDDY_SHOULDER,NONE,FAMILY_WEEDLE,10000,25,True,True,True
14,KAKUNA,KAKUNA_NORMAL,128,46,75,POKEMON_TYPE_BUG,POKEMON_TYPE_POISON,0,0,0.6,0.075,10.0,1.25,50,1.0,0.6,BUDDY_NORMAL,NONE,FAMILY_WEEDLE,10000,25,True,True,True
15,BEEDRILL,BEEDRILL_NORMAL,163,169,130,POKEMON_TYPE_BUG,POKEMON_TYPE_POISON,0,0,1.0,0.125,29.5,3.6875,0,1.0,1.28,BUDDY_FLYING,NONE,FAMILY_WEEDLE,10000,25,True,True,True
16,PIDGEY,PIDGEY_NORMAL,120,85,73,POKEMON_TYPE_NORMAL,POKEMON_TYPE_FLYING,0,0,0.3,0.0375,1.8,0.225,12,1.0,0.3,BUDDY_SHOULDER,NONE,FAMILY_PIDGEY,10000,25,True,True,True
17,PIDGEOTTO,PIDGEOTTO_NORMAL,160,117,105,POKEMON_TYPE_NORMAL,POKEMON_TYPE_FLYING,0,0,1.1,0.1375,30.0,3.75,50,1.0,1.74,BUDDY_FLYING,NONE,FAMILY_PIDGEY,10000,25,True,True,True
18,PIDGEOT,PIDGEOT_NORMAL,195,166,154,POKEMON_TYPE_NORMAL,POKEMON_TYPE_FLYING,0,0,1.5,0.1875,39.5,4.9375,0,1.0,2.18,BUDDY_FLYING,NONE,FAMILY_PIDGEY,10000,25,True,True,True
19,RATTATA,RATTATA_ALOLA/RATTATA_NORMAL,102,103,70,POKEMON_TYPE_NORMAL,POKEMON_TYPE_NONE,0,0,0.3,0.0375,3.5,0.4375,25,1.0,0.42,BUDDY_NORMAL,NONE,FAMILY_RATTATA,10000,25,True,True,True
20,RATICATE,RATICATE_ALOLA/RATICATE_NORMAL,146,161,139,POKEMON_TYPE_NORMAL,POKEMON_TYPE_NONE,0,0,0.7,0.0875,18.5,2.3125,0,1.0,0.7,BUDDY_NORMAL,NONE,FAMILY_RATTATA,10000,25,True,True,True
21,SPEAROW,SPEAROW_NORMAL,120,112,60,POKEMON_TYPE_NORMAL,POKEMON_TYPE_FLYING,0,0,0.3,0.0375,2.0,0.25,50,1.0,0.4,BUDDY_SHOULDER,NONE,FAMILY_SPEAROW,10000,25,True,True,True
22,FEAROW,FEAROW_NORMAL,163,182,133,POKEMON_TYPE_NORMAL,POKEMON_TYPE_FLYING,0,0,1.2,0.15,38.0,4.75,0,1.0,1.5,BUDDY_FLYING,NONE,FAMILY_SPEAROW,10000,25,True,True,True
23,EKANS,EKANS_NORMAL,111,110,97,POKEMON_TYPE_POISON,POKEMON_TYPE_NONE,0,0,2.0,0.25,6.9,0.8625,50,3.0,0.28,BUDDY_NORMAL,NONE,FAMILY_EKANS,50000,50,True,True,True
24,ARBOK,ARBOK_NORMAL,155,167,153,POKEMON_TYPE_POISON,POKEMON_TYPE_NONE,0,0,3.5,0.4375,65.0,8.125,0,3.0,1.6,BUDDY_BIG,NONE,FAMILY_EKANS,50000,50,True,True,True
25,PIKACHU,PIKACHU_ADVENTURE_HAT_2020/PIKACHU_BB_2026/PIKACHU_COPY_2019/PIKACHU_COSTUME_2020/PIKACHU_DIWALI_2024/PIKACHU_DOCTOR/PIKACHU_FALL_2019/PIKACHU_FLYING_01/PIKACHU_FLYING_02/PIKACHU_FLYING_03/PIKACHU_FLYING_04/PIKACHU_FLYING_5TH_ANNIV/PIKACHU_FLYING_OKINAWA/PIKACHU_GOFEST_2022/PIKACHU_GOFEST_2024_MTIARA/PIKACHU_GOFEST_2024_STIARA/PIKACHU_GOFEST_2025_GOGGLES_BLUE/PIKACHU_GOFEST_2025_GOGGLES_RED/PIKACHU_GOFEST_2025_GOGGLES_YELLOW/PIKACHU_GOFEST_2025_MONOCLE_BLUE/PIKACHU_GOFEST_2025_MONOCLE_RED/PIKACHU_GOFEST_2025_MONOCLE_YELLOW/PIKACHU_GOTOUR_2024_A/PIKACHU_GOTOUR_2024_A_02/PIKACHU_GOTOUR_2024_B/PIKACHU_GOTOUR_2024_B_02/PIKACHU_GOTOUR_2025_A/PIKACHU_GOTOUR_2025_A_02/PIKACHU_GOTOUR_2025_B/PIKACHU_GOTOUR_2025_B_02/PIKACHU_GOTOUR_2026_A/PIKACHU_GOTOUR_2026_A_02/PIKACHU_GOTOUR_2026_B/PIKACHU_GOTOUR_2026_B_02/PIKACHU_GOTOUR_2026_C/PIKACHU_GOTOUR_2026_C_02/PIKACHU_HORIZONS/PIKACHU_JEJU/PIKACHU_KARIYUSHI/PIKACHU_KURTA/PIKACHU_NORMAL/PIKACHU_POP_STAR/PIKACHU_ROCK_STAR/PIKACHU_SUMMER_2023_A/PIKACHU_SUMMER_2023_B/PIKACHU_SUMMER_2023_C/PIKACHU_SUMMER_2023_D/PIKACHU_SUMMER_2023_E/PIKACHU_TSHIRT_01/PIKACHU_TSHIRT_02/PIKACHU_TSHIRT_03/PIKACHU_VS_2019/PIKACHU_WCS_2022/PIKACHU_WCS_2023/PIKACHU_WCS_2024/PIKACHU_WCS_2025/PIKACHU_WINTER_2020,111,112,96,POKEMON_TYPE_ELECTRIC,POKEMON_TYPE_NONE,0,0,0.4,0.05,6.0,0.75,50,1.0,0.4,BUDDY_SHOULDER,NONE,FAMILY_PIKACHU,10000,25,True,True,True
26,RAICHU,RAICHU_ALOLA/RAICHU_NORMAL,155,193,151,POKEMON_TYPE_ELECTRIC,POKEMON_TYPE_NONE,0,0,0.8,0.1,30.0,3.75,0,1.0,0.83,BUDDY_NORMAL,NONE,FAMILY_PIKACHU,10000,25,True,True,True
27,SANDSHREW,SANDSHREW_ALOLA/SANDSHREW_NORMAL,137,126,120,POKEMON_TYPE_GROUND,POKEMON_TYPE_NONE,0,0,0.6,0.075,12.0,1.5,50,3.0,0.55,BUDDY_NORMAL,NONE,FAMILY_SANDSHREW,50000,50,True,True,True
28,SANDSLASH,SANDSLASH_ALOLA/SANDSLASH_NORMAL,181,182,175,POKEMON_TYPE_GROUND,POKEMON_TYPE_NONE,0,0,1.0,0.125,29.5,3.6875,0,3.0,1.0,BUDDY_NORMAL,NONE,FAMILY_SANDSHREW,50000,50,True,True,True
29,NIDORAN_FEMALE,NIDORAN_NORMAL,146,86,89,POKEMON_TYPE_POISON,POKEMON_TYPE_NONE,0,0,0.4,0.05,7.0,0.875,25,3.0,0.4,BUDDY_NORMAL,NONE,FAMILY_NIDORAN_FEMALE,50000,50,True,True,True
30,NIDORINA,NIDORINA_NORMAL,172,117,120,POKEMON_TYPE_POISON,POKEMON_TYPE_NONE,0,0,0.8,0.1,20.0,2.5,100,3.0,0.7,BUDDY_NORMAL,NONE,FAMILY_NIDORAN_FEMALE,50000,50,True,True,True
31,NIDOQUEEN,NIDOQUEEN_NORMAL,207,180,173,POKEMON_TYPE_POISON,POKEMON_TYPE_GROUND,0,0,1.3,0.1625,60.0,7.5,0,3.0,1.25,BUDDY_BIG,NONE,FAMILY_NIDORAN_FEMALE,50000,50,True,True,True
32,NIDORAN_MALE,NIDORAN_NORMAL,130,105,76,POKEMON_TYPE_POISON,POKEMON_TYPE_NONE,0,0,0.5,0.0625,9.0,1.125,25,3.0,0.5,BUDDY_NORMAL,NONE,FAMILY_NIDORAN_MALE,50000,50,True,True,True
33,NIDORINO,NIDORINO_NORMAL,156,137,111,POKEMON_TYPE_POISON,POKEMON_TYPE_NONE,0,0,0.9,0.1125,19.5,2.4375,100,3.0,0.9,BUDDY_NORMAL,NONE,FAMILY_NIDORAN_MALE,50000,50,True,True,True
34,NIDOKING,NIDOKING_NORMAL,191,204,156,POKEMON_TYPE_POISON,POKEMON_TYPE_GROUND,0,0,1.4,0.175,62.0,7.75,0,3.0,1.4,BUDDY_BIG,NONE,FAMILY_NIDORAN_MALE,50000,50,True,True,True
35,CLEFAIRY,CLEFAIRY_NORMAL,172,107,108,POKEMON_TYPE_FAIRY,POKEMON_TYPE_NONE,0,0,0.6,0.075,7.5,0.9375,50,1.0,0.6,BUDDY_NORMAL,NONE,FAMILY_CLEFAIRY,10000,25,True,True,True
36,CLEFABLE,CLEFABLE_NORMAL,216,178,162,POKEMON_TYPE_FAIRY,POKEMON_TYPE_NONE,0,0,1.3,0.1625,40.0,5.0,0,1.0,1.3,BUDDY_BIG,NONE,FAMILY_CLEFAIRY,10000,25,True,True,True
37,VULPIX,VULPIX_ALOLA/VULPIX_NORMAL,116,96,109,POKEMON_TYPE_FIRE,POKEMON_TYPE_NONE,0,0,0.6,0.075,9.9,1.2375,50,3.0,0.58,BUDDY_NORMAL,NONE,FAMILY_VULPIX,50000,50,True,True,True
38,NINETALES,NINETALES_ALOLA/NINETALES_NORMAL,177,169,190,POKEMON_TYPE_FIRE,POKEMON_TYPE_NONE,0,0,1.1,0.1375,19.9,2.4875,0,3.0,1.11,BUDDY_BIG,NONE,FAMILY_VULPIX,50000,50,True,True,True
39,JIGGLYPUFF,JIGGLYPUFF_NORMAL,251,80,41,POKEMON_TYPE_NORMAL,POKEMON_TYPE_FAIRY,0,0,0.5,0.0625,5.5,0.6875,50,1.0,0.56,BUDDY_NORMAL,NONE,FAMILY_JIGGLYPUFF,10000,25,True,True,True
40,WIGGLYTUFF,WIGGLYTUFF_NORMAL,295,156,90,POKEMON_TYPE_NORMAL,POKEMON_TYPE_FAIRY,0,0,1.0,0.125,12.0,1.5,0,1.0,1.3,BUDDY_BIG,NONE,FAMILY_JIGGLYPUFF,10000,25,True,True,True
41,ZUBAT,ZUBAT_NORMAL,120,83,73,POKEMON_TYPE_POISON,POKEMON_TYPE_FLYING,0,0,0.8,0.1,7.5,0.9375,50,1.0,0.85,BUDDY_FLYING,NONE,FAMILY_ZUBAT,10000,25,True,True,True
42,GOLBAT,GOLBAT_NORMAL,181,161,150,POKEMON_TYPE_POISON,POKEMON_TYPE_FLYING,0,0,1.6,0.2,55.0,6.875,0,1.0,1.95,BUDDY_FLYING,NONE,FAMILY_ZUBAT,10000,25,True,True,True
43,ODDISH,ODDISH_NORMAL,128,131,112,POKEMON_TYPE_GRASS,POKEMON_TYPE_POISON,0,0,0.5,0.0625,5.4,0.675,25,3.0,0.5,BUDDY_NORMAL,NONE,FAMILY_ODDISH,50000,50,True,True,True
44,GLOOM,GLOOM_NORMAL,155,153,136,POKEMON_TYPE_GRASS,POKEMON_TYPE_POISON,0,0,0.8,0.1,8.6,1.075,100,3.0,0.8,BUDDY_NORMAL,NONE,FAMILY_ODDISH,50000,50,True,True,True
45,VILEPLUME,VILEPLUME_NORMAL,181,202,167,POKEMON_TYPE_GRASS,POKEMON_TYPE_POISON,0,0,1.2,0.15,18.6,2.325,0,3.0,1.2,BUDDY_BIG,NONE,FAMILY_ODDISH,50000,50,True,True,True
46,PARAS,PARAS_NORMAL,111,121,99,POKEMON_TYPE_BUG,POKEMON_TYPE_GRASS,0,0,0.3,0.0375,5.4,0.675,50,3.0,0.43,BUDDY_NORMAL,NONE,FAMILY_PARAS,50000,50,True,True,True
47,PARASECT,PARASECT_NORMAL,155,165,146,POKEMON_TYPE_BUG,POKEMON_TYPE_GRASS,0,0,1.0,0.125,29.5,3.6875,0,3.0,0.97,BUDDY_NORMAL,NONE,FAMILY_PARAS,50000,50,True,True,True
48,VENONAT,VENONAT_NORMAL,155,100,100,POKEMON_TYPE_BUG,POKEMON_TYPE_POISON,0,0,1.0,0.125,30.0,3.75,50,3.0,1.42,BUDDY_NORMAL,NONE,FAMILY_VENONAT,50000,50,True,True,True
49,VENOMOTH,VENOMOTH_NORMAL,172,179,143,POKEMON_TYPE_BUG,POKEMON_TYPE_POISON,0,0,1.5,0.1875,12.5,1.5625,0,3.0,1.6,BUDDY_FLYING,NONE,FAMILY_VENONAT,50000,50,True,True,True
50,DIGLETT,DIGLETT_ALOLA/DIGLETT_NORMAL,67,109,78,POKEMON_TYPE_GROUND,POKEMON_TYPE_NONE,0,0,0.2,0.025,0.8,0.1,50,3.0,0.2,BUDDY_NORMAL,NONE,FAMILY_DIGLETT,50000,50,True,True,True
51,DUGTRIO,DUGTRIO_ALOLA/DUGTRIO_NORMAL,111,167,134,POKEMON_TYPE_GROUND,POKEMON_TYPE_NONE,0,0,0.7,0.0875,33.3,4.1625,0,3.0,0.77,BUDDY_BIG,NONE,FAMILY_DIGLETT,50000,50,True,True,True
52,MEOWTH,MEOWTH_ALOLA/MEOWTH_GALARIAN/MEOWTH_NORMAL,120,92,78,POKEMON_TYPE_NORMAL,POKEMON_TYPE_NONE,0,0,0.4,0.05,4.2,0.525,50,3.0,0.4,BUDDY_NORMAL,NONE,FAMILY_MEOWTH,50000,50,True,True,True
53,PERSIAN,PERSIAN_ALOLA/PERSIAN_NORMAL,163,150,136,POKEMON_TYPE_NORMAL,POKEMON_TYPE_NONE,0,0,1.0,0.125,32.0,4.0,0,3.0,1.38,BUDDY_NORMAL,NONE,FAMILY_MEOWTH,50000,50,True,True,True
54,PSYDUCK,PSYDUCK_NORMAL/PSYDUCK_SWIM_2025,137,122,95,POKEMON_TYPE_WATER,POKEMON_TYPE_NONE,0,0,0.8,0.1,19.6,2.45,50,3.0,0.9,BUDDY_NORMAL,NONE,FAMILY_PSYDUCK,50000,50,True,True,True
55,GOLDUCK,GOLDUCK_NORMAL,190,191,162,POKEMON_TYPE_WATER,POKEMON_TYPE_NONE,0,0,1.7,0.2125,76.6,9.575,0,3.0,1.4,BUDDY_BIG,NONE,FAMILY_PSYDUCK,50000,50,True,True,True
56,MANKEY,MANKEY_NORMAL,120,148,82,POKEMON_TYPE_FIGHTING,POKEMON_TYPE_NONE,0,0,0.5,0.0625,28.0,3.5,50,3.0,0.55,BUDDY_NORMAL,NONE,FAMILY_MANKEY,50000,50,True,True,True
57,PRIMEAPE,PRIMEAPE_NORMAL,163,207,138,POKEMON_TYPE_FIGHTING,POKEMON_TYPE_NONE,0,0,1.0,0.125,32.0,4.0,0,3.0,1.2,BUDDY_BIG,NONE,FAMILY_MANKEY,50000,50,True,True,True
58,GROWLITHE,GROWLITHE_HISUIAN/GROWLITHE_NORMAL,146,136,93,POKEMON_TYPE_FIRE,POKEMON_TYPE_NONE,0,0,0.7,0.0875,19.0,2.375,50,3.0,0.7,BUDDY_NORMAL,NONE,FAMILY_GROWLITHE,50000,50,True,True,True
59,ARCANINE,ARCANINE_HISUIAN/ARCANINE_NORMAL,207,227,166,POKEMON_TYPE_FIRE,POKEMON_TYPE_NONE,0,0,1.9,0.2375,155.0,19.375,0,3.0,2.0,BUDDY_BIG,NONE,FAMILY_GROWLITHE,50000,50,True,True,True
60,POLIWAG,POLIWAG_NORMAL,120,101,82,POKEMON_TYPE_WATER,POKEMON_TYPE_NONE,0,0,0.6,0.075,12.4,1.55,25,3.0,0.6,BUDDY_NORMAL,NONE,FAMILY_POLIWAG,50000,50,True,True,True
61,POLIWHIRL,POLIWHIRL_NORMAL,163,130,123,POKEMON_TYPE_WATER,POKEMON_TYPE_NONE,0,0,1.0,0.125,20.0,2.5,100,3.0,1.05,BUDDY_BIG,NONE,FAMILY_POLIWAG,50000,50,True,True,True
62,POLIWRATH,POLIWRATH_NORMAL,207,182,184,POKEMON_TYPE_WATER,POKEMON_TYPE_FIGHTING,0,0,1.3,0.1625,54.0,6.75,0,3.0,1.42,BUDDY_BIG,NONE,FAMILY_POLIWAG,50000,50,True,True,True
63,ABRA,ABRA_NORMAL,93,195,82,POKEMON_TYPE_PSYCHIC,POKEMON_TYPE_NONE,0,0,0.9,0.1125,19.5,2.4375,25,3.0,0.77,BUDDY_NORMAL,NONE,FAMILY_ABRA,50000,50,True,True,True
64,KADABRA,KADABRA_NORMAL,120,232,117,POKEMON_TYPE_PSYCHIC,POKEMON_TYPE_NONE,0,0,1.3,0.1625,56.5,7.0625,100,3.0,1.3,BUDDY_BIG,NONE,FAMILY_ABRA,50000,50,True,True,True
65,ALAKAZAM,ALAKAZAM_NORMAL,146,271,167,POKEMON_TYPE_PSYCHIC,POKEMON_TYPE_NONE,0,0,1.5,0.1875,48.0,6.0,0,3.0,1.45,BUDDY_BIG,NONE,FAMILY_ABRA,50000,50,True,True,True
66,MACHOP,MACHOP_NORMAL,172,137,82,POKEMON_TYPE_FIGHTING,POKEMON_TYPE_NONE,0,0,0.8,0.1,19.5,2.4375,25,3.0,0.8,BUDDY_NORMAL,NONE,FAMILY_MACHOP,50000,50,True,True,True
67,MACHOKE,MACHOKE_NORMAL,190,177,125,POKEMON_TYPE_FIGHTING,POKEMON_TYPE_NONE,0,0,1.5,0.1875,70.5,8.8125,100,3.0,1.4,BUDDY_BIG,NONE,FAMILY_MACHOP,50000,50,True,True,True
68,MACHAMP,MACHAMP_NORMAL,207,234,159,POKEMON_TYPE_FIGHTING,POKEMON_TYPE_NONE,0,0,1.6,0.2,130.0,16.25,0,3.0,1.5,BUDDY_BIG,NONE,FAMILY_MACHOP,50000,50,True,True,True
69,BELLSPROUT,BELLSPROUT_NORMAL,137,139,61,POKEMON_TYPE_GRASS,POKEMON_TYPE_POISON,0,0,0.7,0.0875,4.0,0.5,25,3.0,0.55,BUDDY_NORMAL,NONE,FAMILY_BELLSPROUT,50000,50,True,True,True
70,WEEPINBELL,WEEPINBELL_NORMAL,163,172,92,POKEMON_TYPE_GRASS,POKEMON_TYPE_POISON,0,0,1.0,0.125,6.4,0.8,100,3.0,1.0,BUDDY_BIG,NONE,FAMILY_BELLSPROUT,50000,50,True,True,True
71,VICTREEBEL,VICTREEBEL_NORMAL,190,207,135,POKEMON_TYPE_GRASS,POKEMON_TYPE_POISON,0,0,1.7,0.2125,15.5,1.9375,0,3.0,1.48,BUDDY_BIG,NONE,FAMILY_BELLSPROUT,50000,50,True,True,True
72,TENTACOOL,TENTACOOL_NORMAL,120,97,149,POKEMON_TYPE_WATER,POKEMON_TYPE_POISON,0,0,0.9,0.1125,45.5,5.6875,50,3.0,0.9,BUDDY_NORMAL,NONE,FAMILY_TENTACOOL,50000,50,True,True,True
73,TENTACRUEL,TENTACRUEL_NORMAL,190,166,209,POKEMON_TYPE_WATER,POKEMON_TYPE_POISON,0,0,1.6,0.2,55.0,6.875,0,3.0,1.6,BUDDY_BIG,NONE,FAMILY_TENTACOOL,50000,50,True,True,True
74,GEODUDE,GEODUDE_ALOLA/GEODUDE_NORMAL,120,132,132,POKEMON_TYPE_ROCK,POKEMON_TYPE_GROUND,0,0,0.4,0.05,20.0,2.5,25,1.0,1.38,BUDDY_NORMAL,NONE,FAMILY_GEODUDE,10000,25,True,True,True
75,GRAVELER,GRAVELER_ALOLA/GRAVELER_NORMAL,146,164,164,POKEMON_TYPE_ROCK,POKEMON_TYPE_GROUND,0,0,1.0,0.125,105.0,13.125,100,1.0,1.6,BUDDY_BIG,NONE,FAMILY_GEODUDE,10000,25,True,True,True
76,GOLEM,GOLEM_ALOLA/GOLEM_NORMAL,190,211,198,POKEMON_TYPE_ROCK,POKEMON_TYPE_GROUND,0,0,1.4,0.175,300.0,37.5,0,1.0,1.5,BUDDY_BIG,NONE,FAMILY_GEODUDE,10000,25,True,True,True
77,PONYTA,PONYTA_GALARIAN/PONYTA_NORMAL,137,170,127,POKEMON_TYPE_FIRE,POKEMON_TYPE_NONE,0,0,1.0,0.125,30.0,3.75,50,3.0,0.97,BUDDY_NORMAL,NONE,FAMILY_PONYTA,50000,50,True,True,True
78,RAPIDASH,RAPIDASH_GALARIAN/RAPIDASH_NORMAL,163,207,162,POKEMON_TYPE_FIRE,POKEMON_TYPE_NONE,0,0,1.7,0.2125,95.0,11.875,0,3.0,1.65,BUDDY_BIG,NONE,FAMILY_PONYTA,50000,50,True,True,True
79,SLOWPOKE,SLOWPOKE_2020/SLOWPOKE_GALARIAN/SLOWPOKE_NORMAL,207,109,98,POKEMON_TYPE_WATER,POKEMON_TYPE_PSYCHIC,0,0,1.2,0.15,36.0,4.5,50,3.0,1.52,BUDDY_NORMAL,NONE,FAMILY_SLOWPOKE,50000,50,True,True,True
80,SLOWBRO,SLOWBRO_2021/SLOWBRO_GALARIAN/SLOWBRO_NORMAL,216,177,180,POKEMON_TYPE_WATER,POKEMON_TYPE_PSYCHIC,0,0,1.6,0.2,78.5,9.8125,0,3.0,1.46,BUDDY_BIG,NONE,FAMILY_SLOWPOKE,50000,50,True,True,True
81,MAGNEMITE,MAGNEMITE_NORMAL,93,165,121,POKEMON_TYPE_ELECTRIC,POKEMON_TYPE_STEEL,0,0,0.3,0.0375,6.0,0.75,50,3.0,0.38,BUDDY_FLYING,NONE,FAMILY_MAGNEMITE,50000,50,True,True,True
82,MAGNETON,MAGNETON_NORMAL,137,223,169,POKEMON_TYPE_ELECTRIC,POKEMON_TYPE_STEEL,0,0,1.0,0.125,60.0,7.5,0,3.0,0.8,BUDDY_BIG,NONE,FAMILY_MAGNEMITE,50000,50,True,True,True
83,FARFETCHD,FARFETCHD_GALARIAN/FARFETCHD_NORMAL,141,124,115,POKEMON_TYPE_NORMAL,POKEMON_TYPE_FLYING,0,0,0.8,0.1,15.0,1.875,0,3.0,0.75,BUDDY_NORMAL,NONE,FAMILY_FARFETCHD,50000,50,True,True,True
84,DODUO,DODUO_NORMAL,111,158,83,POKEMON_TYPE_NORMAL,POKEMON_TYPE_FLYING,0,0,1.4,0.175,39.2,4.9,50,3.0,1.35,BUDDY_NORMAL,NONE,FAMILY_DODUO,50000,50,True,True,True
85,DODRIO,DODRIO_NORMAL,155,218,140,POKEMON_TYPE_NORMAL,POKEMON_TYPE_FLYING,0,0,1.8,0.225,85.2,10.65,0,3.0,1.8,BUDDY_BIG,NONE,FAMILY_DODUO,50000,50,True,True,True
86,SEEL,SEEL_NORMAL,163,85,121,POKEMON_TYPE_WATER,POKEMON_TYPE_NONE,0,0,1.1,0.1375,90.0,11.25,50,3.0,0.8,BUDDY_NORMAL,NONE,FAMILY_SEEL,50000,50,True,True,True
87,DEWGONG,DEWGONG_NORMAL,207,139,177,POKEMON_TYPE_WATER,POKEMON_TYPE_ICE,0,0,1.7,0.2125,120.0,15.0,0,3.0,0.89,BUDDY_NORMAL,NONE,FAMILY_SEEL,50000,50,True,True,True
88,GRIMER,GRIMER_ALOLA/GRIMER_NORMAL,190,135,90,POKEMON_TYPE_POISON,POKEMON_TYPE_NONE,0,0,0.9,0.1125,30.0,3.75,50,3.0,1.05,BUDDY_BIG,NONE,FAMILY_GRIMER,50000,50,True,True,True
89,MUK,MUK_ALOLA/MUK_NORMAL,233,190,172,POKEMON_TYPE_POISON,POKEMON_TYPE_NONE,0,0,1.2,0.15,30.0,3.75,0,3.0,1.88,BUDDY_BIG,NONE,FAMILY_GRIMER,50000,50,True,True,True
90,SHELLDER,SHELLDER_NORMAL,102,116,134,POKEMON_TYPE_WATER,POKEMON_TYPE_NONE,0,0,0.3,0.0375,4.0,0.5,50,3.0,0.3,BUDDY_NORMAL,NONE,FAMILY_SHELLDER,50000,50,True,True,True
91,CLOYSTER,CLOYSTER_NORMAL,137,186,256,POKEMON_TYPE_WATER,POKEMON_TYPE_ICE,0,0,1.5,0.1875,132.5,16.5625,0,3.0,1.5,BUDDY_BIG,NONE,FAMILY_SHELLDER,50000,50,True,True,True
92,GASTLY,GASTLY_NORMAL,102,186,67,POKEMON_TYPE_GHOST,POKEMON_TYPE_POISON,0,0,1.3,0.1625,0.1,0.0125,25,3.0,1.0,BUDDY_FLYING,NONE,FAMILY_GASTLY,50000,50,True,True,True
93,HAUNTER,HAUNTER_NORMAL,128,223,107,POKEMON_TYPE_GHOST,POKEMON_TYPE_POISON,0,0,1.6,0.2,0.1,0.0125,100,3.0,1.87,BUDDY_FLYING,NONE,FAMILY_GASTLY,50000,50,True,True,True
94,GENGAR,GENGAR_COSTUME_2020/GENGAR_NORMAL,155,261,149,POKEMON_TYPE_GHOST,POKEMON_TYPE_POISON,0,0,1.5,0.1875,40.5,5.0625,0,3.0,1.5,BUDDY_BIG,NONE,FAMILY_GASTLY,50000,50,True,True,True
95,ONIX,ONIX_NORMAL,111,85,232,POKEMON_TYPE_ROCK,POKEMON_TYPE_GROUND,0,0,8.8,1.1,210.0,26.25,0,5.0,5.75,BUDDY_BIG,NONE,FAMILY_ONIX,75000,75,True,True,True
96,DROWZEE,DROWZEE_NORMAL,155,89,136,POKEMON_TYPE_PSYCHIC,POKEMON_TYPE_NONE,0,0,1.0,0.125,32.4,4.05,50,3.0,0.9,BUDDY_BIG,NONE,FAMILY_DROWZEE,50000,50,True,True,True
97,HYPNO,HYPNO_NORMAL,198,144,193,POKEMON_TYPE_PSYCHIC,POKEMON_TYPE_NONE,0,0,1.6,0.2,75.6,9.45,0,3.0,1.55,BUDDY_BIG,NONE,FAMILY_DROWZEE,50000,50,True,True,True
98,KRABBY,KRABBY_NORMAL,102,181,124,POKEMON_TYPE_WATER,POKEMON_TYPE_NONE,0,0,0.4,0.05,6.5,0.8125,50,3.0,0.71,BUDDY_NORMAL,NONE,FAMILY_KRABBY,50000,50,True,True,True
99,KINGLER,KINGLER_NORMAL,146,240,181,POKEMON_TYPE_WATER,POKEMON_TYPE_NONE,0,0,1.3,0.1625,60.0,7.5,0,3.0,1.37,BUDDY_BIG,NONE,FAMILY_KRABBY,50000,50,True,True,True
100,VOLTORB,VOLTORB_HISUIAN/VOLTORB_NORMAL,120,109,111,POKEMON_TYPE_ELECTRIC,POKEMON_TYPE_NONE,0,0,0.5,0.0625,10.4,1.3,50,3.0,0.5,BUDDY_NORMAL,NONE,FAMILY_VOLTORB,50000,50,True,True,True
101,ELECTRODE,ELECTRODE_HISUIAN/ELECTRODE_NORMAL,155,173,173,POKEMON_TYPE_ELECTRIC,POKEMON_TYPE_NONE,0,0,1.2,0.15,66.6,8.325,0,3.0,1.2,BUDDY_BIG,NONE,FAMILY_VOLTORB,50000,50,True,True,True
102,EXEGGCUTE,EXEGGCUTE_NORMAL,155,107,125,POKEMON_TYPE_GRASS,POKEMON_TYPE_PSYCHIC,0,0,0.4,0.05,2.5,0.3125,50,3.0,0.93,BUDDY_NORMAL,NONE,FAMILY_EXEGGCUTE,50000,50,True,True,True
103,EXEGGUTOR,EXEGGUTOR_ALOLA/EXEGGUTOR_NORMAL,216,233,149,POKEMON_TYPE_GRASS,POKEMON_TYPE_PSYCHIC,0,0,2.0,0.25,120.0,15.0,0,3.0,1.8,BUDDY_BIG,NONE,FAMILY_EXEGGCUTE,50000,50,True,True,True
104,CUBONE,CUBONE_NORMAL,137,90,144,POKEMON_TYPE_GROUND,POKEMON_TYPE_NONE,0,0,0.4,0.05,6.5,0.8125,50,3.0,0.4,BUDDY_NORMAL,NONE,FAMILY_CUBONE,50000,50,True,True,True
105,MAROWAK,MAROWAK_ALOLA/MAROWAK_NORMAL,155,144,186,POKEMON_TYPE_GROUND,POKEMON_TYPE_NONE,0,0,1.0,0.125,45.0,5.625,0,3.0,1.0,BUDDY_NORMAL,NONE,FAMILY_CUBONE,50000,50,True,True,True
106,HITMONLEE,HITMONLEE_NORMAL,137,224,181,POKEMON_TYPE_FIGHTING,POKEMON_TYPE_NONE,0,0,1.5,0.1875,49.8,6.225,0,5.0,1.44,BUDDY_BIG,NONE,FAMILY_TYROGUE,75000,75,True,True,True
107,HITMONCHAN,HITMONCHAN_NORMAL,137,193,197,POKEMON_TYPE_FIGHTING,POKEMON_TYPE_NONE,0,0,1.4,0.175,50.2,6.275,0,5.0,1.14,BUDDY_BIG,NONE,FAMILY_TYROGUE,75000,75,True,True,True
108,LICKITUNG,LICKITUNG_NORMAL,207,108,137,POKEMON_TYPE_NORMAL,POKEMON_TYPE_NONE,0,0,1.2,0.15,65.5,8.1875,0,3.0,1.2,BUDDY_NORMAL,NONE,FAMILY_LICKITUNG,50000,50,True,True,True
109,KOFFING,KOFFING_NORMAL,120,119,141,POKEMON_TYPE_POISON,POKEMON_TYPE_NONE,0,0,0.6,0.075,1.0,0.125,50,3.0,0.65,BUDDY_BIG,NONE,FAMILY_KOFFING,50000,50,True,True,True
110,WEEZING,WEEZING_GALARIAN/WEEZING_NORMAL,163,174,197,POKEMON_TYPE_POISON,POKEMON_TYPE_NONE,0,0,1.2,0.15,9.5,1.1875,0,3.0,0.76,BUDDY_BIG,NONE,FAMILY_KOFFING,50000,50,True,True,True
111,RHYHORN,RHYHORN_NORMAL,190,140,127,POKEMON_TYPE_GROUND,POKEMON_TYPE_ROCK,0,0,1.0,0.125,115.0,14.375,50,3.0,1.0,BUDDY_BIG,NONE,FAMILY_RHYHORN,50000,50,True,True,True
112,RHYDON,RHYDON_NORMAL,233,222,171,POKEMON_TYPE_GROUND,POKEMON_TYPE_ROCK,0,0,1.9,0.2375,120.0,15.0,0,3.0,1.85,BUDDY_BIG,NONE,FAMILY_RHYHORN,50000,50,True,True,True
113,CHANSEY,CHANSEY_NORMAL,487,60,128,POKEMON_TYPE_NORMAL,POKEMON_TYPE_NONE,0,0,1.1,0.1375,34.6,4.325,0,5.0,1.1,BUDDY_BIG,NONE,FAMILY_CHANSEY,75000,75,True,True,True
114,TANGELA,TANGELA_NORMAL,163,183,169,POKEMON_TYPE_GRASS,POKEMON_TYPE_NONE,0,0,1.0,0.125,35.0,4.375,0,3.0,1.0,BUDDY_NORMAL,NONE,FAMILY_TANGELA,50000,50,True,True,True
115,KANGASKHAN,KANGASKHAN_NORMAL,233,181,165,POKEMON_TYPE_NORMAL,POKEMON_TYPE_NONE,0,0,2.2,0.275,80.0,10.0,0,3.0,2.18,BUDDY_BIG,NONE,FAMILY_KANGASKHAN,50000,50,True,True,True
116,HORSEA,HORSEA_NORMAL,102,129,103,POKEMON_TYPE_WATER,POKEMON_TYPE_NONE,0,0,0.4,0.05,8.0,1.0,50,3.0,0.4,BUDDY_NORMAL,NONE,FAMILY_HORSEA,50000,50,True,True,True
117,SEADRA,SEADRA_NORMAL,146,187,156,POKEMON_TYPE_WATER,POKEMON_TYPE_NONE,0,0,1.2,0.15,25.0,3.125,0,3.0,1.2,BUDDY_BIG,NONE,FAMILY_HORSEA,50000,50,True,True,True
118,GOLDEEN,GOLDEEN_NORMAL,128,123,110,POKEMON_TYPE_WATER,POKEMON_TYPE_NONE,0,0,0.6,0.075,15.0,1.875,50,3.0,0.5,BUDDY_NORMAL,NONE,FAMILY_GOLDEEN,50000,50,True,True,True
119,SEAKING,SEAKING_NORMAL,190,175,147,POKEMON_TYPE_WATER,POKEMON_TYPE_NONE,0,0,1.3,0.1625,39.0,4.875,0,3.0,1.36,BUDDY_BIG,NONE,FAMILY_GOLDEEN,50000,50,True,True,True
120,STARYU,STARYU_NORMAL,102,137,112,POKEMON_TYPE_WATER,POKEMON_TYPE_NONE,0,0,0.8,0.1,34.5,4.3125,50,3.0,0.8,BUDDY_BIG,NONE,FAMILY_STARYU,50000,50,True,True,True
121,STARMIE,STARMIE_NORMAL,155,210,184,POKEMON_TYPE_WATER,POKEMON_TYPE_PSYCHIC,0,0,1.1,0.1375,80.0,10.0,0,3.0,1.08,BUDDY_BIG,NONE,FAMILY_STARYU,50000,50,True,True,True
122,MR_MIME,MR_MIME_GALARIAN/MR_MIME_NORMAL,120,192,205,POKEMON_TYPE_PSYCHIC,POKEMON_TYPE_FAIRY,0,0,1.3,0.1625,54.5,6.8125,0,5.0,1.3,BUDDY_NORMAL,NONE,FAMILY_MR_MIME,75000,75,True,True,True
123,SCYTHER,SCYTHER_NORMAL,172,218,170,POKEMON_TYPE_BUG,POKEMON_TYPE_FLYING,0,0,1.5,0.1875,56.0,7.0,0,5.0,1.5,BUDDY_BIG,NONE,FAMILY_SCYTHER,75000,75,True,True,True
124,JYNX,JYNX_NORMAL,163,223,151,POKEMON_TYPE_ICE,POKEMON_TYPE_PSYCHIC,0,0,1.4,0.175,40.6,5.075,0,5.0,1.4,BUDDY_BIG,NONE,FAMILY_JYNX,75000,75,True,True,True
125,ELECTABUZZ,ELECTABUZZ_NORMAL,163,198,158,POKEMON_TYPE_ELECTRIC,POKEMON_TYPE_NONE,0,0,1.1,0.1375,30.0,3.75,0,5.0,1.2,BUDDY_BIG,NONE,FAMILY_ELECTABUZZ,75000,75,True,True,True
126,MAGMAR,MAGMAR_NORMAL,163,206,154,POKEMON_TYPE_FIRE,POKEMON_TYPE_NONE,0,0,1.3,0.1625,44.5,5.5625,0,5.0,1.35,BUDDY_BIG,NONE,FAMILY_MAGMAR,75000,75,True,True,True
127,PINSIR,PINSIR_NORMAL,163,238,182,POKEMON_TYPE_BUG,POKEMON_TYPE_NONE,0,0,1.5,0.1875,55.0,6.875,0,5.0,1.4,BUDDY_BIG,NONE,FAMILY_PINSIR,75000,75,True,True,True
128,TAUROS,TAUROS_NORMAL/TAUROS_PALDEA_AQUA/TAUROS_PALDEA_BLAZE/TAUROS_PALDEA_COMBAT,181,198,183,POKEMON_TYPE_NORMAL,POKEMON_TYPE_NONE,0,0,1.4,0.175,88.4,11.05,0,3.0,1.4,BUDDY_BIG,NONE,FAMILY_TAUROS,50000,50,True,True,True
129,MAGIKARP,MAGIKARP_NORMAL,85,29,85,POKEMON_TYPE_WATER,POKEMON_TYPE_NONE,0,0,0.9,0.1125,10.0,1.25,400,1.0,0.85,BUDDY_NORMAL,NONE,FAMILY_MAGIKARP,10000,25,True,True,True
130,GYARADOS,GYARADOS_NORMAL,216,237,186,POKEMON_TYPE_WATER,POKEMON_TYPE_FLYING,0,0,6.5,0.8125,235.0,29.375,0,1.0,5.56,BUDDY_BIG,NONE,FAMILY_MAGIKARP,10000,25,True,True,True
131,LAPRAS,LAPRAS_COSTUME_2020/LAPRAS_NORMAL,277,165,174,POKEMON_TYPE_WATER,POKEMON_TYPE_ICE,0,0,2.5,0.3125,220.0,27.5,0,5.0,2.57,BUDDY_BIG,NONE,FAMILY_LAPRAS,75000,75,True,True,True
132,DITTO,DITTO_NORMAL/DITTO_SPRING_2026_A/DITTO_SPRING_2026_B,134,91,91,POKEMON_TYPE_NORMAL,POKEMON_TYPE_NONE,0,0,0.3,0.0375,4.0,0.5,0,3.0,0.33,BUDDY_NORMAL,NONE,FAMILY_DITTO,50000,50,True,True,True
133,EEVEE,EEVEE_GOFEST_2024_MTIARA/EEVEE_GOFEST_2024_STIARA/EEVEE_NORMAL,146,104,114,POKEMON_TYPE_NORMAL,POKEMON_TYPE_NONE,0,0,0.3,0.0375,6.5,0.8125,25,5.0,0.3,BUDDY_SHOULDER,NONE,FAMILY_EEVEE,75000,75,True,True,True
134,VAPOREON,VAPOREON_NORMAL,277,205,161,POKEMON_TYPE_WATER,POKEMON_TYPE_NONE,0,0,1.0,0.125,29.0,3.625,0,5.0,0.89,BUDDY_NORMAL,NONE,FAMILY_EEVEE,75000,75,True,True,True
135,JOLTEON,JOLTEON_NORMAL,163,232,182,POKEMON_TYPE_ELECTRIC,POKEMON_TYPE_NONE,0,0,0.8,0.1,24.5,3.0625,0,5.0,0.8,BUDDY_NORMAL,NONE,FAMILY_EEVEE,75000,75,True,True,True
136,FLAREON,FLAREON_NORMAL,163,246,179,POKEMON_TYPE_FIRE,POKEMON_TYPE_NONE,0,0,0.9,0.1125,25.0,3.125,0,5.0,1.27,BUDDY_NORMAL,NONE,FAMILY_EEVEE,75000,75,True,True,True
137,PORYGON,PORYGON_NORMAL,163,153,136,POKEMON_TYPE_NORMAL,POKEMON_TYPE_NONE,0,0,0.8,0.1,36.5,4.5625,0,3.0,0.8,BUDDY_BIG,NONE,FAMILY_PORYGON,50000,50,True,True,True
138,OMANYTE,OMANYTE_NORMAL,111,155,153,POKEMON_TYPE_ROCK,POKEMON_TYPE_WATER,0,0,0.4,0.05,7.5,0.9375,50,5.0,0.4,BUDDY_NORMAL,NONE,FAMILY_OMANYTE,75000,75,True,True,True
139,OMASTAR,OMASTAR_NORMAL,172,207,201,POKEMON_TYPE_ROCK,POKEMON_TYPE_WATER,0,0,1.0,0.125,35.0,4.375,0,5.0,1.0,BUDDY_BIG,NONE,FAMILY_OMANYTE,75000,75,True,True,True
140,KABUTO,KABUTO_NORMAL,102,148,140,POKEMON_TYPE_ROCK,POKEMON_TYPE_WATER,0,0,0.5,0.0625,11.5,1.4375,50,5.0,0.5,BUDDY_NORMAL,NONE,FAMILY_KABUTO,75000,75,True,True,True
141,KABUTOPS,KABUTOPS_NORMAL,155,220,186,POKEMON_TYPE_ROCK,POKEMON_TYPE_WATER,0,0,1.3,0.1625,40.5,5.0625,0,5.0,1.25,BUDDY_BIG,NONE,FAMILY_KABUTO,75000,75,True,True,True
142,AERODACTYL,AERODACTYL_NORMAL/AERODACTYL_SUMMER_2023,190,221,159,POKEMON_TYPE_ROCK,POKEMON_TYPE_FLYING,0,0,1.8,0.225,59.0,7.375,0,5.0,3.7,BUDDY_BIG,NONE,FAMILY_AERODACTYL,75000,75,True,True,True
143,SNORLAX,SNORLAX_NORMAL/SNORLAX_WILDAREA_2024,330,190,169,POKEMON_TYPE_NORMAL,POKEMON_TYPE_NONE,0,0,2.1,0.2625,460.0,57.5,0,5.0,2.0,BUDDY_BIG,NONE,FAMILY_SNORLAX,75000,75,True,True,True
144,ARTICUNO,ARTICUNO_GALARIAN/ARTICUNO_NORMAL,207,192,236,POKEMON_TYPE_ICE,POKEMON_TYPE_FLYING,0,0,1.7,0.2125,55.4,6.925,0,20.0,2.6,BUDDY_FLYING,POKEMON_CLASS_LEGENDARY,FAMILY_ARTICUNO,100000,100,True,False,True
145,ZAPDOS,ZAPDOS_GALARIAN/ZAPDOS_NORMAL,207,253,185,POKEMON_TYPE_ELECTRIC,POKEMON_TYPE_FLYING,0,0,1.6,0.2,52.6,6.575,0,20.0,2.36,BUDDY_FLYING,POKEMON_CLASS_LEGENDARY,FAMILY_ZAPDOS,100000,100,True,False,True
146,MOLTRES,MOLTRES_GALARIAN/MOLTRES_NORMAL,207,251,181,POKEMON_TYPE_FIRE,POKEMON_TYPE_FLYING,0,0,2.0,0.25,60.0,7.5,0,20.0,3.0,BUDDY_FLYING,POKEMON_CLASS_LEGENDARY,FAMILY_MOLTRES,100000,100,True,False,True
147,DRATINI,DRATINI_NORMAL,121,119,91,POKEMON_TYPE_DRAGON,POKEMON_TYPE_NONE,0,0,1.8,0.225,3.3,0.4125,25,5.0,0.78,BUDDY_NORMAL,NONE,FAMILY_DRATINI,75000,75,True,True,True
148,DRAGONAIR,DRAGONAIR_NORMAL,156,163,135,POKEMON_TYPE_DRAGON,POKEMON_TYPE_NONE,0,0,4.0,0.5,16.5,2.0625,100,5.0,1.95,BUDDY_BIG,NONE,FAMILY_DRATINI,75000,75,True,True,True
149,DRAGONITE,DRAGONITE_NORMAL,209,263,198,POKEMON_TYPE_DRAGON,POKEMON_TYPE_FLYING,0,0,2.2,0.275,210.0,26.25,0,5.0,2.28,BUDDY_BIG,NONE,FAMILY_DRATINI,75000,75,True,True,True
150,MEWTWO,MEWTWO_A/MEWTWO_NORMAL,214,300,182,POKEMON_TYPE_PSYCHIC,POKEMON_TYPE_NONE,0,0,2.0,0.25,122.0,15.25,0,20.0,2.0,BUDDY_BIG,POKEMON_CLASS_LEGENDARY,FAMILY_MEWTWO,100000,100,True,False,True
151,MEW,MEW_NORMAL,225,210,210,POKEMON_TYPE_PSYCHIC,POKEMON_TYPE_NONE,0,0,0.4,0.05,4.0,0.5,0,20.0,0.45,BUDDY_NORMAL,POKEMON_CLASS_MYTHIC,FAMILY_MEW,100000,100,False,False,False
152,CHIKORITA,CHIKORITA_NORMAL,128,92,122,POKEMON_TYPE_GRASS,POKEMON_TYPE_NONE,0,0,0.89,0.11125,6.4,0.8,25,3.0,0.55,BUDDY_NORMAL,NONE,FAMILY_CHIKORITA,10000,25,True,True,True
153,BAYLEEF,BAYLEEF_NORMAL,155,122,155,POKEMON_TYPE_GRASS,POKEMON_TYPE_NONE,0,0,1.19,0.14875,15.8,1.975,100,3.0,1.3,BUDDY_NORMAL,NONE,FAMILY_CHIKORITA,10000,25,True,True,True
154,MEGANIUM,MEGANIUM_NORMAL,190,168,202,POKEMON_TYPE_GRASS,POKEMON_TYPE_NONE,0,0,1.8,0.225,100.5,12.5625,0,3.0,1.75,BUDDY_BIG,NONE,FAMILY_CHIKORITA,10000,25,True,True,True
155,CYNDAQUIL,CYNDAQUIL_NORMAL,118,116,93,POKEMON_TYPE_FIRE,POKEMON_TYPE_NONE,0,0,0.51,0.06375,7.9,0.9875,25,3.0,0.46,BUDDY_NORMAL,NONE,FAMILY_CYNDAQUIL,10000,25,True,True,True
156,QUILAVA,QUILAVA_NORMAL,151,158,126,POKEMON_TYPE_FIRE,POKEMON_TYPE_NONE,0,0,0.89,0.11125,19.0,2.375,100,3.0,1.06,BUDDY_NORMAL,NONE,FAMILY_CYNDAQUIL,10000,25,True,True,True
157,TYPHLOSION,TYPHLOSION_HISUIAN/TYPHLOSION_NORMAL,186,223,173,POKEMON_TYPE_FIRE,POKEMON_TYPE_NONE,0,0,1.7,0.2125,79.5,9.9375,0,3.0,1.69,BUDDY_BIG,NONE,FAMILY_CYNDAQUIL,10000,25,True,True,True
158,TOTODILE,TOTODILE_NORMAL,137,117,109,POKEMON_TYPE_WATER,POKEMON_TYPE_NONE,0,0,0.61,0.07625,9.5,1.1875,25,3.0,0.57,BUDDY_NORMAL,NONE,FAMILY_TOTODILE,10000,25,True,True,True
159,CROCONAW,CROCONAW_NORMAL,163,150,142,POKEMON_TYPE_WATER,POKEMON_TYPE_NONE,0,0,1.09,0.13625,25.0,3.125,100,3.0,1.05,BUDDY_NORMAL,NONE,FAMILY_TOTODILE,10000,25,True,True,True
160,FERALIGATR,FERALIGATR_NORMAL,198,205,188,POKEMON_TYPE_WATER,POKEMON_TYPE_NONE,0,0,2.31,0.28875,88.8,11.1,0,3.0,2.05,BUDDY_BIG,NONE,FAMILY_TOTODILE,10000,25,True,True,True
161,SENTRET,SENTRET_NORMAL,111,79,73,POKEMON_TYPE_NORMAL,POKEMON_TYPE_NONE,0,0,0.79,0.09875,6.0,0.75,25,1.0,0.72,BUDDY_NORMAL,NONE,FAMILY_SENTRET,10000,25,True,True,True
162,FURRET,FURRET_NORMAL,198,148,125,POKEMON_TYPE_NORMAL,POKEMON_TYPE_NONE,0,0,1.8,0.225,32.5,4.0625,0,1.0,0.83,BUDDY_NORMAL,NONE,FAMILY_SENTRET,10000,25,True,True,True
163,HOOTHOOT,HOOTHOOT_NORMAL,155,67,88,POKEMON_TYPE_NORMAL,POKEMON_TYPE_FLYING,0,0,0.71,0.08875,21.2,2.65,50,1.0,0.7,BUDDY_NORMAL,NONE,FAMILY_HOOTHOOT,10000,25,True,True,True
164,NOCTOWL,NOCTOWL_NORMAL,225,145,156,POKEMON_TYPE_NORMAL,POKEMON_TYPE_FLYING,0,0,1.6,0.2,40.8,5.1,0,1.0,1.64,BUDDY_FLYING,NONE,FAMILY_HOOTHOOT,10000,25,True,True,True
165,LEDYBA,LEDYBA_NORMAL,120,72,118,POKEMON_TYPE_BUG,POKEMON_TYPE_FLYING,0,0,0.99,0.12375,10.8,1.35,25,1.0,1.18,BUDDY_FLYING,NONE,FAMILY_LEDYBA,10000,25,True,True,True
166,LEDIAN,LEDIAN_NORMAL,146,107,179,POKEMON_TYPE_BUG,POKEMON_TYPE_FLYING,0,0,1.4,0.175,35.6,4.45,0,1.0,1.4,BUDDY_FLYING,NONE,FAMILY_LEDYBA,10000,25,True,True,True
167,SPINARAK,SPINARAK_NORMAL,120,105,73,POKEMON_TYPE_BUG,POKEMON_TYPE_POISON,0,0,0.51,0.06375,8.5,1.0625,50,1.0,0.52,BUDDY_NORMAL,NONE,FAMILY_SPINARAK,10000,25,True,True,True
168,ARIADOS,ARIADOS_NORMAL,172,161,124,POKEMON_TYPE_BUG,POKEMON_TYPE_POISON,0,0,1.09,0.13625,33.5,4.1875,0,1.0,1.03,BUDDY_NORMAL,NONE,FAMILY_SPINARAK,10000,25,True,True,True
169,CROBAT,CROBAT_NORMAL,198,194,178,POKEMON_TYPE_POISON,POKEMON_TYPE_FLYING,0,0,1.8,0.225,75.0,9.375,0,1.0,2.65,BUDDY_FLYING,NONE,FAMILY_ZUBAT,10000,25,True,True,True
170,CHINCHOU,CHINCHOU_NORMAL,181,106,97,POKEMON_TYPE_WATER,POKEMON_TYPE_ELECTRIC,0,0,0.51,0.06375,12.0,1.5,50,3.0,0.6,BUDDY_NORMAL,NONE,FAMILY_CHINCHOU,50000,50,True,True,True
171,LANTURN,LANTURN_NORMAL,268,146,137,POKEMON_TYPE_WATER,POKEMON_TYPE_ELECTRIC,0,0,1.19,0.14875,22.5,2.8125,0,3.0,1.4,BUDDY_BIG,NONE,FAMILY_CHINCHOU,50000,50,True,True,True
172,PICHU,PICHU_NORMAL,85,77,53,POKEMON_TYPE_ELECTRIC,POKEMON_TYPE_NONE,0,0,0.3,0.0375,2.0,0.25,25,1.0,0.37,BUDDY_BABY,NONE,FAMILY_PIKACHU,10000,25,True,True,True
173,CLEFFA,CLEFFA_NORMAL,137,75,79,POKEMON_TYPE_FAIRY,POKEMON_TYPE_NONE,0,0,0.3,0.0375,3.0,0.375,25,1.0,0.3,BUDDY_BABY,NONE,FAMILY_CLEFAIRY,10000,25,True,True,True
174,IGGLYBUFF,IGGLYBUFF_NORMAL,207,69,32,POKEMON_TYPE_NORMAL,POKEMON_TYPE_FAIRY,0,0,0.3,0.0375,1.0,0.125,25,1.0,0.33,BUDDY_NORMAL,NONE,FAMILY_JIGGLYPUFF,10000,25,True,True,True
175,TOGEPI,TOGEPI_NORMAL,111,67,116,POKEMON_TYPE_FAIRY,POKEMON_TYPE_NONE,0,0,0.3,0.0375,1.5,0.1875,50,3.0,0.3,BUDDY_BABY,NONE,FAMILY_TOGEPI,10000,25,True,True,True
176,TOGETIC,TOGETIC_NORMAL,146,139,181,POKEMON_TYPE_FAIRY,POKEMON_TYPE_FLYING,0,0,0.61,0.07625,3.2,0.4,0,3.0,0.6,BUDDY_NORMAL,NONE,FAMILY_TOGEPI,50000,50,True,True,True
177,NATU,NATU_NORMAL,120,134,89,POKEMON_TYPE_PSYCHIC,POKEMON_TYPE_FLYING,0,0,0.2,0.025,2.0,0.25,50,3.0,0.2,BUDDY_SHOULDER,NONE,FAMILY_NATU,50000,50,True,True,True
178,XATU,XATU_NORMAL,163,192,146,POKEMON_TYPE_PSYCHIC,POKEMON_TYPE_FLYING,0,0,1.5,0.1875,15.0,1.875,0,3.0,1.65,BUDDY_FLYING,NONE,FAMILY_NATU,50000,50,True,True,True
179,MAREEP,MAREEP_NORMAL,146,114,79,POKEMON_TYPE_ELECTRIC,POKEMON_TYPE_NONE,0,0,0.61,0.07625,7.8,0.975,25,5.0,0.6,BUDDY_NORMAL,NONE,FAMILY_MAREEP,75000,75,True,True,True
180,FLAAFFY,FLAAFFY_NORMAL,172,145,109,POKEMON_TYPE_ELECTRIC,POKEMON_TYPE_NONE,0,0,0.79,0.09875,13.3,1.6625,100,5.0,0.8,BUDDY_NORMAL,NONE,FAMILY_MAREEP,75000,75,True,True,True
181,AMPHAROS,AMPHAROS_NORMAL,207,211,169,POKEMON_TYPE_ELECTRIC,POKEMON_TYPE_NONE,0,0,1.4,0.175,61.5,7.6875,0,5.0,1.48,BUDDY_BIG,NONE,FAMILY_MAREEP,75000,75,True,True,True
182,BELLOSSOM,BELLOSSOM_NORMAL,181,169,186,POKEMON_TYPE_GRASS,POKEMON_TYPE_NONE,0,0,0.41,0.05125,5.8,0.725,0,3.0,0.4,BUDDY_NORMAL,NONE,FAMILY_ODDISH,50000,50,True,True,True
183,MARILL,MARILL_NORMAL,172,37,93,POKEMON_TYPE_WATER,POKEMON_TYPE_FAIRY,0,0,0.41,0.05125,8.5,1.0625,25,3.0,0.41,BUDDY_NORMAL,NONE,FAMILY_MARILL,50000,50,True,True,True
184,AZUMARILL,AZUMARILL_NORMAL,225,112,152,POKEMON_TYPE_WATER,POKEMON_TYPE_FAIRY,0,0,0.79,0.09875,28.5,3.5625,0,3.0,0.72,BUDDY_NORMAL,NONE,FAMILY_MARILL,50000,50,True,True,True
185,SUDOWOODO,SUDOWOODO_NORMAL/SUDOWOODO_WINTER_2025,172,167,176,POKEMON_TYPE_ROCK,POKEMON_TYPE_NONE,0,0,1.19,0.14875,38.0,4.75,0,5.0,1.2,BUDDY_NORMAL,NONE,FAMILY_SUDOWOODO,75000,75,True,True,True
186,POLITOED,POLITOED_NORMAL,207,174,179,POKEMON_TYPE_WATER,POKEMON_TYPE_NONE,0,0,1.09,0.13625,33.9,4.2375,0,3.0,1.1,BUDDY_NORMAL,NONE,FAMILY_POLIWAG,50000,50,True,True,True
187,HOPPIP,HOPPIP_NORMAL,111,67,94,POKEMON_TYPE_GRASS,POKEMON_TYPE_FLYING,0,0,0.41,0.05125,0.5,0.0625,25,3.0,0.82,BUDDY_FLYING,NONE,FAMILY_HOPPIP,50000,50,True,True,True
188,SKIPLOOM,SKIPLOOM_NORMAL,146,91,120,POKEMON_TYPE_GRASS,POKEMON_TYPE_FLYING,0,0,0.61,0.07625,1.0,0.125,100,3.0,0.68,BUDDY_FLYING,NONE,FAMILY_HOPPIP,50000,50,True,True,True
189,JUMPLUFF,JUMPLUFF_NORMAL,181,118,183,POKEMON_TYPE_GRASS,POKEMON_TYPE_FLYING,0,0,0.79,0.09875,3.0,0.375,0,3.0,0.75,BUDDY_FLYING,NONE,FAMILY_HOPPIP,50000,50,True,True,True
190,AIPOM,AIPOM_NORMAL,146,136,112,POKEMON_TYPE_NORMAL,POKEMON_TYPE_NONE,0,0,0.79,0.09875,11.5,1.4375,0,3.0,0.8,BUDDY_NORMAL,NONE,FAMILY_AIPOM,50000,50,True,True,True
191,SUNKERN,SUNKERN_NORMAL,102,55,55,POKEMON_TYPE_GRASS,POKEMON_TYPE_NONE,0,0,0.3,0.0375,1.8,0.225,50,3.0,0.3,BUDDY_SHOULDER,NONE,FAMILY_SUNKERN,50000,50,True,True,True
192,SUNFLORA,SUNFLORA_NORMAL,181,185,135,POKEMON_TYPE_GRASS,POKEMON_TYPE_NONE,0,0,0.79,0.09875,8.5,1.0625,0,3.0,0.76,BUDDY_NORMAL,NONE,FAMILY_SUNKERN,50000,50,True,True,True
193,YANMA,YANMA_NORMAL,163,154,94,POKEMON_TYPE_BUG,POKEMON_TYPE_FLYING,0,0,1.19,0.14875,38.0,4.75,0,3.0,1.13,BUDDY_NORMAL,NONE,FAMILY_YANMA,50000,50,True,True,True
194,WOOPER,WOOPER_NORMAL/WOOPER_PALDEA,146,75,66,POKEMON_TYPE_WATER,POKEMON_TYPE_GROUND,0,0,0.41,0.05125,8.5,1.0625,50,3.0,0.4,BUDDY_NORMAL,NONE,FAMILY_WOOPER,50000,50,True,True,True
195,QUAGSIRE,QUAGSIRE_NORMAL,216,152,143,POKEMON_TYPE_WATER,POKEMON_TYPE_GROUND,0,0,1.4,0.175,75.0,9.375,0,3.0,1.4,BUDDY_BIG,NONE,FAMILY_WOOPER,50000,50,True,True,True
196,ESPEON,ESPEON_GOFEST_2024_SSCARF/ESPEON_NORMAL,163,261,175,POKEMON_TYPE_PSYCHIC,POKEMON_TYPE_NONE,0,0,0.89,0.11125,26.5,3.3125,0,5.0,0.76,BUDDY_NORMAL,NONE,FAMILY_EEVEE,75000,75,True,True,True
197,UMBREON,UMBREON_GOFEST_2024_MSCARF/UMBREON_NORMAL,216,126,240,POKEMON_TYPE_DARK,POKEMON_TYPE_NONE,0,0,0.99,0.12375,27.0,3.375,0,5.0,1.0,BUDDY_NORMAL,NONE,FAMILY_EEVEE,75000,75,True,True,True
198,MURKROW,MURKROW_NORMAL,155,175,87,POKEMON_TYPE_DARK,POKEMON_TYPE_FLYING,0,0,0.51,0.06375,2.1,0.2625,0,3.0,0.5,BUDDY_SHOULDER,NONE,FAMILY_MURKROW,50000,50,True,True,True
199,SLOWKING,SLOWKING_2022/SLOWKING_GALARIAN/SLOWKING_NORMAL,216,177,180,POKEMON_TYPE_WATER,POKEMON_TYPE_PSYCHIC,0,0,2.01,0.25125,79.5,9.9375,0,3.0,2.0,BUDDY_BIG,NONE,FAMILY_SLOWPOKE,50000,50,True,True,True
200,MISDREAVUS,MISDREAVUS_NORMAL,155,167,154,POKEMON_TYPE_GHOST,POKEMON_TYPE_NONE,0,0,0.71,0.08875,1.0,0.125,0,3.0,0.63,BUDDY_FLYING,NONE,FAMILY_MISDREAVUS,50000,50,True,True,True
201,UNOWN,UNOWN_A/UNOWN_B/UNOWN_C/UNOWN_D/UNOWN_E/UNOWN_EXCLAMATION_POINT/UNOWN_F/UNOWN_G/UNOWN_H/UNOWN_I/UNOWN_J/UNOWN_K/UNOWN_L/UNOWN_M/UNOWN_N/UNOWN_O/UNOWN_P/UNOWN_Q/UNOWN_QUESTION_MARK/UNOWN_R/UNOWN_S/UNOWN_T/UNOWN_U/UNOWN_V/UNOWN_W/UNOWN_X/UNOWN_Y/UNOWN_Z,134,136,91,POKEMON_TYPE_PSYCHIC,POKEMON_TYPE_NONE,0,0,0.51,0.06375,5.0,0.625,0,5.0,0.5,BUDDY_NORMAL,NONE,FAMILY_UNOWN,75000,75,True,True,True
202,WOBBUFFET,WOBBUFFET_NORMAL,382,60,106,POKEMON_TYPE_PSYCHIC,POKEMON_TYPE_NONE,0,0,1.3,0.1625,28.5,3.5625,0,3.0,1.3,BUDDY_BIG,NONE,FAMILY_WOBBUFFET,50000,50,True,True,True
203,GIRAFARIG,GIRAFARIG_NORMAL,172,182,133,POKEMON_TYPE_NORMAL,POKEMON_TYPE_PSYCHIC,0,0,1.5,0.1875,41.5,5.1875,0,3.0,1.5,BUDDY_BIG,NONE,FAMILY_GIRAFARIG,50000,50,True,True,True
204,PINECO,PINECO_NORMAL,137,108,122,POKEMON_TYPE_BUG,POKEMON_TYPE_NONE,0,0,0.61,0.07625,7.2,0.9,50,5.0,0.6,BUDDY_NORMAL,NONE,FAMILY_PINECO,75000,75,True,True,True
205,FORRETRESS,FORRETRESS_NORMAL,181,161,205,POKEMON_TYPE_BUG,POKEMON_TYPE_STEEL,0,0,1.19,0.14875,125.8,15.725,0,5.0,1.2,BUDDY_BIG,NONE,FAMILY_PINECO,75000,75,True,True,True
206,DUNSPARCE,DUNSPARCE_NORMAL,225,131,128,POKEMON_TYPE_NORMAL,POKEMON_TYPE_NONE,0,0,1.5,0.1875,14.0,1.75,0,3.0,1.5,BUDDY_NORMAL,NONE,FAMILY_DUNSPARCE,50000,50,True,True,True
207,GLIGAR,GLIGAR_NORMAL,163,143,184,POKEMON_TYPE_GROUND,POKEMON_TYPE_FLYING,0,0,1.09,0.13625,64.8,8.1,0,5.0,1.07,BUDDY_NORMAL,NONE,FAMILY_GLIGAR,75000,75,True,True,True
208,STEELIX,STEELIX_NORMAL,181,148,272,POKEMON_TYPE_STEEL,POKEMON_TYPE_GROUND,0,0,9.19,1.14875,400.0,50.0,0,5.0,7.26,BUDDY_BIG,NONE,FAMILY_ONIX,75000,75,True,True,True
209,SNUBBULL,SNUBBULL_NORMAL,155,137,85,POKEMON_TYPE_FAIRY,POKEMON_TYPE_NONE,0,0,0.61,0.07625,7.8,0.975,50,3.0,0.66,BUDDY_NORMAL,NONE,FAMILY_SNUBBULL,50000,50,True,True,True
210,GRANBULL,GRANBULL_NORMAL,207,212,131,POKEMON_TYPE_FAIRY,POKEMON_TYPE_NONE,0,0,1.4,0.175,48.7,6.0875,0,3.0,1.4,BUDDY_BIG,NONE,FAMILY_SNUBBULL,50000,50,True,True,True
211,QWILFISH,QWILFISH_HISUIAN/QWILFISH_NORMAL,163,184,138,POKEMON_TYPE_WATER,POKEMON_TYPE_POISON,0,0,0.51,0.06375,3.9,0.4875,0,3.0,0.5,BUDDY_NORMAL,NONE,FAMILY_QWILFISH,50000,50,True,True,True
212,SCIZOR,SCIZOR_NORMAL,172,236,181,POKEMON_TYPE_BUG,POKEMON_TYPE_STEEL,0,0,2.01,0.25125,125.0,15.625,0,5.0,1.91,BUDDY_BIG,NONE,FAMILY_SCYTHER,75000,75,True,True,True
213,SHUCKLE,SHUCKLE_NORMAL,85,17,396,POKEMON_TYPE_BUG,POKEMON_TYPE_ROCK,0,0,0.61,0.07625,20.5,2.5625,0,3.0,0.6,BUDDY_NORMAL,NONE,FAMILY_SHUCKLE,50000,50,True,True,True
214,HERACROSS,HERACROSS_NORMAL,190,234,179,POKEMON_TYPE_BUG,POKEMON_TYPE_FIGHTING,0,0,1.5,0.1875,54.0,6.75,0,3.0,1.5,BUDDY_BIG,NONE,FAMILY_HERACROSS,50000,50,True,True,True
215,SNEASEL,SNEASEL_HISUIAN/SNEASEL_NORMAL,146,189,146,POKEMON_TYPE_DARK,POKEMON_TYPE_ICE,0,0,0.89,0.11125,28.0,3.5,0,3.0,0.8,BUDDY_NORMAL,NONE,FAMILY_SNEASEL,50000,50,True,True,True
216,TEDDIURSA,TEDDIURSA_NORMAL,155,142,93,POKEMON_TYPE_NORMAL,POKEMON_TYPE_NONE,0,0,0.61,0.07625,8.8,1.1,50,3.0,0.6,BUDDY_NORMAL,NONE,FAMILY_TEDDIURSA,50000,50,True,True,True
217,URSARING,URSARING_NORMAL,207,236,144,POKEMON_TYPE_NORMAL,POKEMON_TYPE_NONE,0,0,1.8,0.225,125.8,15.725,0,3.0,1.8,BUDDY_BIG,NONE,FAMILY_TEDDIURSA,50000,50,True,True,True
218,SLUGMA,SLUGMA_NORMAL,120,118,71,POKEMON_TYPE_FIRE,POKEMON_TYPE_NONE,0,0,0.71,0.08875,35.0,4.375,50,1.0,0.66,BUDDY_NORMAL,NONE,FAMILY_SLUGMA,10000,25,True,True,True
219,MAGCARGO,MAGCARGO_NORMAL,137,139,191,POKEMON_TYPE_FIRE,POKEMON_TYPE_ROCK,0,0,0.79,0.09875,55.0,6.875,0,1.0,0.78,BUDDY_NORMAL,NONE,FAMILY_SLUGMA,10000,25,True,True,True
220,SWINUB,SWINUB_NORMAL,137,90,69,POKEMON_TYPE_ICE,POKEMON_TYPE_GROUND,0,0,0.41,0.05125,6.5,0.8125,50,3.0,0.4,BUDDY_NORMAL,NONE,FAMILY_SWINUB,50000,50,True,True,True
221,PILOSWINE,PILOSWINE_NORMAL,225,181,138,POKEMON_TYPE_ICE,POKEMON_TYPE_GROUND,0,0,1.09,0.13625,55.8,6.975,0,3.0,1.1,BUDDY_BIG,NONE,FAMILY_SWINUB,50000,50,True,True,True
222,CORSOLA,CORSOLA_GALARIAN/CORSOLA_NORMAL/CORSOLA_SPRING_2026,146,118,156,POKEMON_TYPE_WATER,POKEMON_TYPE_ROCK,0,0,0.61,0.07625,5.0,0.625,0,3.0,0.6,BUDDY_NORMAL,NONE,FAMILY_CORSOLA,50000,50,True,True,True
223,REMORAID,REMORAID_NORMAL,111,127,69,POKEMON_TYPE_WATER,POKEMON_TYPE_NONE,0,0,0.61,0.07625,12.0,1.5,50,1.0,0.55,BUDDY_NORMAL,NONE,FAMILY_REMORAID,10000,25,True,True,True
224,OCTILLERY,OCTILLERY_NORMAL,181,197,141,POKEMON_TYPE_WATER,POKEMON_TYPE_NONE,0,0,0.89,0.11125,28.5,3.5625,0,1.0,0.92,BUDDY_NORMAL,NONE,FAMILY_REMORAID,10000,25,True,True,True
225,DELIBIRD,DELIBIRD_NORMAL/DELIBIRD_WINTER_2020,128,128,90,POKEMON_TYPE_ICE,POKEMON_TYPE_FLYING,0,0,0.89,0.11125,16.0,2.0,0,5.0,0.9,BUDDY_NORMAL,NONE,FAMILY_DELIBIRD,75000,75,True,True,True
226,MANTINE,MANTINE_NORMAL,163,148,226,POKEMON_TYPE_WATER,POKEMON_TYPE_FLYING,0,0,2.11,0.26375,220.0,27.5,0,5.0,2.1,BUDDY_BIG,NONE,FAMILY_MANTINE,75000,75,True,True,True
227,SKARMORY,SKARMORY_NORMAL,163,148,226,POKEMON_TYPE_STEEL,POKEMON_TYPE_FLYING,0,0,1.7,0.2125,50.5,6.3125,0,5.0,1.84,BUDDY_FLYING,NONE,FAMILY_SKARMORY,75000,75,True,True,True
228,HOUNDOUR,HOUNDOUR_NORMAL,128,152,83,POKEMON_TYPE_DARK,POKEMON_TYPE_FIRE,0,0,0.61,0.07625,10.8,1.35,50,3.0,0.6,BUDDY_NORMAL,NONE,FAMILY_HOUNDOUR,50000,50,True,True,True
229,HOUNDOOM,HOUNDOOM_NORMAL,181,224,144,POKEMON_TYPE_DARK,POKEMON_TYPE_FIRE,0,0,1.4,0.175,35.0,4.375,0,3.0,1.25,BUDDY_NORMAL,NONE,FAMILY_HOUNDOUR,50000,50,True,True,True
230,KINGDRA,KINGDRA_NORMAL,181,194,194,POKEMON_TYPE_WATER,POKEMON_TYPE_DRAGON,0,0,1.8,0.225,152.0,19.0,0,3.0,1.8,BUDDY_BIG,NONE,FAMILY_HORSEA,50000,50,True,True,True
231,PHANPY,PHANPY_NORMAL,207,107,98,POKEMON_TYPE_GROUND,POKEMON_TYPE_NONE,0,0,0.51,0.06375,33.5,4.1875,50,3.0,0.5,BUDDY_NORMAL,NONE,FAMILY_PHANPY,50000,50,True,True,True
232,DONPHAN,DONPHAN_NORMAL,207,214,185,POKEMON_TYPE_GROUND,POKEMON_TYPE_NONE,0,0,1.09,0.13625,120.0,15.0,0,3.0,1.02,BUDDY_BIG,NONE,FAMILY_PHANPY,50000,50,True,True,True
233,PORYGON2,PORYGON2_NORMAL,198,198,180,POKEMON_TYPE_NORMAL,POKEMON_TYPE_NONE,0,0,0.61,0.07625,32.5,4.0625,0,3.0,0.61,BUDDY_NORMAL,NONE,FAMILY_PORYGON,50000,50,True,True,True
234,STANTLER,STANTLER_NORMAL,177,192,131,POKEMON_TYPE_NORMAL,POKEMON_TYPE_NONE,0,0,1.4,0.175,71.2,8.9,0,3.0,1.4,BUDDY_BIG,NONE,FAMILY_STANTLER,50000,50,True,True,True
235,SMEARGLE,SMEARGLE_NORMAL,146,40,83,POKEMON_TYPE_NORMAL,POKEMON_TYPE_NONE,0,0,1.19,0.14875,58.0,7.25,0,3.0,1.2,BUDDY_BIG,NONE,FAMILY_SMEARGLE,0,9999999,True,True,True
236,TYROGUE,TYROGUE_NORMAL,111,64,64,POKEMON_TYPE_FIGHTING,POKEMON_TYPE_NONE,0,0,0.71,0.08875,21.0,2.625,25,5.0,0.7,BUDDY_NORMAL,NONE,FAMILY_TYROGUE,10000,25,True,True,True
237,HITMONTOP,HITMONTOP_NORMAL,137,173,207,POKEMON_TYPE_FIGHTING,POKEMON_TYPE_NONE,0,0,1.4,0.175,48.0,6.0,0,5.0,1.3,BUDDY_NORMAL,NONE,FAMILY_TYROGUE,75000,75,True,True,True
238,SMOOCHUM,SMOOCHUM_NORMAL,128,153,91,POKEMON_TYPE_ICE,POKEMON_TYPE_PSYCHIC,0,0,0.41,0.05125,6.0,0.75,25,5.0,0.48,BUDDY_BABY,NONE,FAMILY_JYNX,10000,25,True,True,True
239,ELEKID,ELEKID_NORMAL,128,135,101,POKEMON_TYPE_ELECTRIC,POKEMON_TYPE_NONE,0,0,0.61,0.07625,23.5,2.9375,25,5.0,0.6,BUDDY_BABY,NONE,FAMILY_ELECTABUZZ,10000,25,True,True,True
240,MAGBY,MAGBY_NORMAL,128,151,99,POKEMON_TYPE_FIRE,POKEMON_TYPE_NONE,0,0,0.71,0.08875,21.4,2.675,25,5.0,0.7,BUDDY_BABY,NONE,FAMILY_MAGMAR,10000,25,True,True,True
241,MILTANK,MILTANK_NORMAL,216,157,193,POKEMON_TYPE_NORMAL,POKEMON_TYPE_NONE,0,0,1.19,0.14875,75.5,9.4375,0,5.0,1.2,BUDDY_BIG,NONE,FAMILY_MILTANK,75000,75,True,True,True
242,BLISSEY,BLISSEY_NORMAL,496,129,169,POKEMON_TYPE_NORMAL,POKEMON_TYPE_NONE,0,0,1.5,0.1875,46.8,5.85,0,5.0,1.5,BUDDY_BIG,NONE,FAMILY_CHANSEY,75000,75,True,True,True
243,RAIKOU,RAIKOU_NORMAL/RAIKOU_S,207,241,195,POKEMON_TYPE_ELECTRIC,POKEMON_TYPE_NONE,0,0,1.91,0.23875,178.0,22.25,0,20.0,1.8,BUDDY_BIG,POKEMON_CLASS_LEGENDARY,FAMILY_RAIKOU,100000,100,True,False,True
244,ENTEI,ENTEI_NORMAL/ENTEI_S,251,235,171,POKEMON_TYPE_FIRE,POKEMON_TYPE_NONE,0,0,2.11,0.26375,198.0,24.75,0,20.0,2.1,BUDDY_BIG,POKEMON_CLASS_LEGENDARY,FAMILY_ENTEI,100000,100,True,False,True
245,SUICUNE,SUICUNE_NORMAL/SUICUNE_S,225,180,235,POKEMON_TYPE_WATER,POKEMON_TYPE_NONE,0,0,2.01,0.25125,187.0,23.375,0,20.0,2.1,BUDDY_BIG,POKEMON_CLASS_LEGENDARY,FAMILY_SUICUNE,100000,100,True,False,True
246,LARVITAR,LARVITAR_NORMAL,137,115,93,POKEMON_TYPE_ROCK,POKEMON_TYPE_GROUND,0,0,0.61,0.07625,72.0,9.0,25,5.0,0.61,BUDDY_NORMAL,NONE,FAMILY_LARVITAR,75000,75,True,True,True
247,PUPITAR,PUPITAR_NORMAL,172,155,133,POKEMON_TYPE_ROCK,POKEMON_TYPE_GROUND,0,0,1.19,0.14875,152.0,19.0,100,5.0,1.2,BUDDY_NORMAL,NONE,FAMILY_LARVITAR,75000,75,True,True,True
248,TYRANITAR,TYRANITAR_NORMAL,225,251,207,POKEMON_TYPE_ROCK,POKEMON_TYPE_DARK,0,0,2.01,0.25125,202.0,25.25,0,5.0,2.0,BUDDY_BIG,NONE,FAMILY_LARVITAR,75000,75,True,True,True
249,LUGIA,LUGIA_NORMAL/LUGIA_S,235,193,310,POKEMON_TYPE_PSYCHIC,POKEMON_TYPE_FLYING,0,0,5.21,0.65125,216.0,27.0,0,20.0,4.85,BUDDY_BIG,POKEMON_CLASS_LEGENDARY,FAMILY_LUGIA,100000,100,True,False,True
250,HO_OH,HO_OH_NORMAL/HO_OH_S,214,239,244,POKEMON_TYPE_FIRE,POKEMON_TYPE_FLYING,0,0,3.81,0.47625,199.0,24.875,0,20.0,5.26,BUDDY_BIG,POKEMON_CLASS_LEGENDARY,FAMILY_HO_OH,100000,100,True,False,True
251,CELEBI,CELEBI_NORMAL,225,210,210,POKEMON_TYPE_PSYCHIC,POKEMON_TYPE_GRASS,0,0,0.61,0.07625,5.0,0.625,0,20.0,0.65,BUDDY_NORMAL,POKEMON_CLASS_MYTHIC,FAMILY_CELEBI,100000,100,False,False,False
252,TREECKO,TREECKO_NORMAL,120,124,94,POKEMON_TYPE_GRASS,POKEMON_TYPE_NONE,0,0,0.51,0.06375,5.0,0.625,0,3.0,0.5,BUDDY_NORMAL,NONE,FAMILY_TREECKO,10000,25,True,True,True
253,GROVYLE,GROVYLE_NORMAL,137,172,120,POKEMON_TYPE_GRASS,POKEMON_TYPE_NONE,0,0,0.89,0.11125,21.6,2.7,0,3.0,0.82,BUDDY_NORMAL,NONE,FAMILY_TREECKO,10000,25,True,True,True
254,SCEPTILE,SCEPTILE_NORMAL,172,223,169,POKEMON_TYPE_GRASS,POKEMON_TYPE_NONE,0,0,1.7,0.2125,52.2,6.525,0,3.0,1.7,BUDDY_BIG,NONE,FAMILY_TREECKO,10000,25,True,True,True
255,TORCHIC,TORCHIC_NORMAL,128,130,87,POKEMON_TYPE_FIRE,POKEMON_TYPE_NONE,0,0,0.41,0.05125,2.5,0.3125,0,3.0,0.4,BUDDY_NORMAL,NONE,FAMILY_TORCHIC,10000,25,True,True,True
256,COMBUSKEN,COMBUSKEN_NORMAL,155,163,115,POKEMON_TYPE_FIRE,POKEMON_TYPE_FIGHTING,0,0,0.89,0.11125,19.5,2.4375,0,3.0,0.94,BUDDY_BIG,NONE,FAMILY_TORCHIC,10000,25,True,True,True
257,BLAZIKEN,BLAZIKEN_NORMAL,190,240,141,POKEMON_TYPE_FIRE,POKEMON_TYPE_FIGHTING,0,0,1.91,0.23875,52.0,6.5,0,3.0,1.76,BUDDY_BIG,NONE,FAMILY_TORCHIC,10000,25,True,True,True
258,MUDKIP,MUDKIP_NORMAL,137,126,93,POKEMON_TYPE_WATER,POKEMON_TYPE_NONE,0,0,0.41,0.05125,7.6,0.95,0,3.0,0.4,BUDDY_NORMAL,NONE,FAMILY_MUDKIP,10000,25,True,True,True
259,MARSHTOMP,MARSHTOMP_NORMAL,172,156,133,POKEMON_TYPE_WATER,POKEMON_TYPE_GROUND,0,0,0.71,0.08875,28.0,3.5,0,3.0,0.7,BUDDY_NORMAL,NONE,FAMILY_MUDKIP,10000,25,True,True,True
260,SWAMPERT,SWAMPERT_NORMAL,225,208,175,POKEMON_TYPE_WATER,POKEMON_TYPE_GROUND,0,0,1.5,0.1875,81.9,10.2375,0,3.0,1.8,BUDDY_BIG,NONE,FAMILY_MUDKIP,10000,25,True,True,True
261,POOCHYENA,POOCHYENA_NORMAL,111,96,61,POKEMON_TYPE_DARK,POKEMON_TYPE_NONE,0,0,0.51,0.06375,13.6,1.7,0,1.0,0.5,BUDDY_NORMAL,NONE,FAMILY_POOCHYENA,10000,25,True,True,True
262,MIGHTYENA,MIGHTYENA_NORMAL,172,171,132,POKEMON_TYPE_DARK,POKEMON_TYPE_NONE,0,0,0.99,0.12375,37.0,4.625,0,1.0,1.0,BUDDY_NORMAL,NONE,FAMILY_POOCHYENA,10000,25,True,True,True
263,ZIGZAGOON,ZIGZAGOON_GALARIAN/ZIGZAGOON_NORMAL,116,58,80,POKEMON_TYPE_NORMAL,POKEMON_TYPE_NONE,0,0,0.4,0.05,17.5,2.1875,0,1.0,1.1,BUDDY_NORMAL,NONE,FAMILY_ZIGZAGOON,10000,25,True,True,True
264,LINOONE,LINOONE_GALARIAN/LINOONE_NORMAL,186,142,128,POKEMON_TYPE_NORMAL,POKEMON_TYPE_NONE,0,0,0.5,0.0625,32.5,4.0625,0,1.0,1.8,BUDDY_NORMAL,NONE,FAMILY_ZIGZAGOON,10000,25,True,True,True
265,WURMPLE,WURMPLE_NORMAL,128,75,59,POKEMON_TYPE_BUG,POKEMON_TYPE_NONE,0,0,0.3,0.0375,3.6,0.45,0,1.0,0.22,BUDDY_SHOULDER,NONE,FAMILY_WURMPLE,10000,25,True,True,True
266,SILCOON,SILCOON_NORMAL,137,60,77,POKEMON_TYPE_BUG,POKEMON_TYPE_NONE,0,0,0.61,0.07625,10.0,1.25,0,1.0,0.39,BUDDY_NORMAL,NONE,FAMILY_WURMPLE,10000,25,True,True,True
267,BEAUTIFLY,BEAUTIFLY_NORMAL,155,189,98,POKEMON_TYPE_BUG,POKEMON_TYPE_FLYING,0,0,0.99,0.12375,28.4,3.55,0,1.0,1.12,BUDDY_FLYING,NONE,FAMILY_WURMPLE,10000,25,True,True,True
268,CASCOON,CASCOON_NORMAL,137,60,77,POKEMON_TYPE_BUG,POKEMON_TYPE_NONE,0,0,0.71,0.08875,11.5,1.4375,0,1.0,0.46,BUDDY_NORMAL,NONE,FAMILY_WURMPLE,10000,25,True,True,True
269,DUSTOX,DUSTOX_NORMAL,155,98,162,POKEMON_TYPE_BUG,POKEMON_TYPE_POISON,0,0,1.19,0.14875,31.6,3.95,0,1.0,1.3,BUDDY_FLYING,NONE,FAMILY_WURMPLE,10000,25,True,True,True
270,LOTAD,LOTAD_NORMAL,120,71,77,POKEMON_TYPE_WATER,POKEMON_TYPE_GRASS,0,0,0.51,0.06375,2.6,0.325,0,3.0,0.4074074,BUDDY_BIG,NONE,FAMILY_LOTAD,50000,50,True,True,True
271,LOMBRE,LOMBRE_NORMAL,155,112,119,POKEMON_TYPE_WATER,POKEMON_TYPE_GRASS,0,0,1.19,0.14875,32.5,4.0625,0,3.0,1.1086956,BUDDY_BIG,NONE,FAMILY_LOTAD,50000,50,True,True,True
272,LUDICOLO,LUDICOLO_NORMAL,190,173,176,POKEMON_TYPE_WATER,POKEMON_TYPE_GRASS,0,0,1.5,0.1875,55.0,6.875,0,3.0,1.9642857,BUDDY_BIG,NONE,FAMILY_LOTAD,50000,50,True,True,True
273,SEEDOT,SEEDOT_NORMAL,120,71,77,POKEMON_TYPE_GRASS,POKEMON_TYPE_NONE,0,0,0.51,0.06375,4.0,0.5,0,3.0,0.5,BUDDY_NORMAL,NONE,FAMILY_SEEDOT,50000,50,True,True,True
274,NUZLEAF,NUZLEAF_NORMAL,172,134,78,POKEMON_TYPE_GRASS,POKEMON_TYPE_DARK,0,0,0.99,0.12375,28.0,3.5,0,3.0,1.0,BUDDY_BIG,NONE,FAMILY_SEEDOT,50000,50,True,True,True
275,SHIFTRY,SHIFTRY_NORMAL,207,200,121,POKEMON_TYPE_GRASS,POKEMON_TYPE_DARK,0,0,1.3,0.1625,59.6,7.45,0,3.0,1.2782608,BUDDY_BIG,NONE,FAMILY_SEEDOT,50000,50,True,True,True
276,TAILLOW,TAILLOW_NORMAL,120,106,61,POKEMON_TYPE_NORMAL,POKEMON_TYPE_FLYING,0,0,0.3,0.0375,2.3,0.2875,0,1.0,0.3,BUDDY_NORMAL,NONE,FAMILY_TAILLOW,10000,25,True,True,True
277,SWELLOW,SWELLOW_NORMAL,155,185,124,POKEMON_TYPE_NORMAL,POKEMON_TYPE_FLYING,0,0,0.71,0.08875,19.8,2.475,0,1.0,1.21,BUDDY_FLYING,NONE,FAMILY_TAILLOW,10000,25,True,True,True
278,WINGULL,WINGULL_NORMAL,120,106,61,POKEMON_TYPE_WATER,POKEMON_TYPE_FLYING,0,0,0.61,0.07625,9.5,1.1875,0,3.0,1.7341464,BUDDY_FLYING,NONE,FAMILY_WINGULL,50000,50,True,True,True
279,PELIPPER,PELIPPER_NORMAL,155,175,174,POKEMON_TYPE_WATER,POKEMON_TYPE_FLYING,0,0,1.19,0.14875,28.0,3.5,0,3.0,2.5828571,BUDDY_FLYING,NONE,FAMILY_WINGULL,50000,50,True,True,True
280,RALTS,RALTS_NORMAL,99,79,59,POKEMON_TYPE_PSYCHIC,POKEMON_TYPE_FAIRY,0,0,0.41,0.05125,6.6,0.825,0,5.0,0.4,BUDDY_NORMAL,NONE,FAMILY_RALTS,75000,75,True,True,True
281,KIRLIA,KIRLIA_NORMAL,116,117,90,POKEMON_TYPE_PSYCHIC,POKEMON_TYPE_FAIRY,0,0,0.79,0.09875,20.2,2.525,0,5.0,0.94545454,BUDDY_NORMAL,NONE,FAMILY_RALTS,75000,75,True,True,True
282,GARDEVOIR,GARDEVOIR_NORMAL,169,237,195,POKEMON_TYPE_PSYCHIC,POKEMON_TYPE_FAIRY,0,0,1.6,0.2,48.4,6.05,0,5.0,1.7341464,BUDDY_BIG,NONE,FAMILY_RALTS,75000,75,True,True,True
283,SURSKIT,SURSKIT_NORMAL,120,93,87,POKEMON_TYPE_BUG,POKEMON_TYPE_WATER,0,0,0.51,0.06375,1.7,0.2125,0,1.0,0.5,BUDDY_NORMAL,NONE,FAMILY_SURSKIT,10000,25,True,True,True
284,MASQUERAIN,MASQUERAIN_NORMAL,172,192,150,POKEMON_TYPE_BUG,POKEMON_TYPE_FLYING,0,0,0.79,0.09875,3.6,0.45,0,1.0,0.75,BUDDY_FLYING,NONE,FAMILY_SURSKIT,10000,25,True,True,True
285,SHROOMISH,SHROOMISH_NORMAL,155,74,110,POKEMON_TYPE_GRASS,POKEMON_TYPE_NONE,0,0,0.41,0.05125,4.5,0.5625,0,3.0,0.4,BUDDY_NORMAL,NONE,FAMILY_SHROOMISH,50000,50,True,True,True
286,BRELOOM,BRELOOM_NORMAL,155,241,144,POKEMON_TYPE_GRASS,POKEMON_TYPE_FIGHTING,0,0,1.19,0.14875,39.2,4.9,0,3.0,1.2604166,BUDDY_BIG,NONE,FAMILY_SHROOMISH,50000,50,True,True,True
287,SLAKOTH,SLAKOTH_NORMAL,155,104,92,POKEMON_TYPE_NORMAL,POKEMON_TYPE_NONE,0,0,0.79,0.09875,24.0,3.0,0,5.0,0.8,BUDDY_BIG,NONE,FAMILY_SLAKOTH,75000,75,True,True,True
288,VIGOROTH,VIGOROTH_NORMAL,190,159,145,POKEMON_TYPE_NORMAL,POKEMON_TYPE_NONE,0,0,1.4,0.175,46.5,5.8125,0,5.0,1.5,BUDDY_BIG,NONE,FAMILY_SLAKOTH,75000,75,True,True,True
289,SLAKING,SLAKING_NORMAL,284,290,166,POKEMON_TYPE_NORMAL,POKEMON_TYPE_NONE,0,0,2.01,0.25125,130.5,16.3125,0,5.0,2.589041,BUDDY_BIG,NONE,FAMILY_SLAKOTH,75000,75,True,True,True
290,NINCADA,NINCADA_NORMAL,104,80,126,POKEMON_TYPE_BUG,POKEMON_TYPE_GROUND,0,0,0.51,0.06375,5.5,0.6875,0,5.0,0.5555556,BUDDY_NORMAL,NONE,FAMILY_NINCADA,75000,75,True,True,True
291,NINJASK,NINJASK_NORMAL,156,199,112,POKEMON_TYPE_BUG,POKEMON_TYPE_FLYING,0,0,0.79,0.09875,12.0,1.5,0,5.0,0.81391305,BUDDY_FLYING,NONE,FAMILY_NINCADA,75000,75,True,True,True
292,SHEDINJA,SHEDINJA_NORMAL,1,153,73,POKEMON_TYPE_BUG,POKEMON_TYPE_GHOST,0,0,0.79,0.09875,1.2,0.15,0,5.0,0.8449074,BUDDY_FLYING,NONE,FAMILY_NINCADA,75000,75,True,True,True
293,WHISMUR,WHISMUR_NORMAL,162,92,42,POKEMON_TYPE_NORMAL,POKEMON_TYPE_NONE,0,0,0.61,0.07625,16.3,2.0375,0,1.0,0.6,BUDDY_NORMAL,NONE,FAMILY_WHISMUR,10000,25,True,True,True
294,LOUDRED,LOUDRED_NORMAL,197,134,81,POKEMON_TYPE_NORMAL,POKEMON_TYPE_NONE,0,0,0.99,0.12375,40.5,5.0625,0,1.0,1.0,BUDDY_BIG,NONE,FAMILY_WHISMUR,10000,25,True,True,True
295,EXPLOUD,EXPLOUD_NORMAL,232,179,137,POKEMON_TYPE_NORMAL,POKEMON_TYPE_NONE,0,0,1.5,0.1875,84.0,10.5,0,1.0,1.5,BUDDY_BIG,NONE,FAMILY_WHISMUR,10000,25,True,True,True
296,MAKUHITA,MAKUHITA_NORMAL,176,99,54,POKEMON_TYPE_FIGHTING,POKEMON_TYPE_NONE,0,0,0.99,0.12375,86.4,10.8,0,3.0,1.0,BUDDY_BIG,NONE,FAMILY_MAKUHITA,50000,50,True,True,True
297,HARIYAMA,HARIYAMA_NORMAL,302,209,114,POKEMON_TYPE_FIGHTING,POKEMON_TYPE_NONE,0,0,2.31,0.28875,253.8,31.725,0,3.0,2.3,BUDDY_BIG,NONE,FAMILY_MAKUHITA,50000,50,True,True,True
298,AZURILL,AZURILL_NORMAL,137,36,71,POKEMON_TYPE_NORMAL,POKEMON_TYPE_FAIRY,0,0,0.2,0.025,2.0,0.25,0,3.0,0.31,BUDDY_NORMAL,NONE,FAMILY_MARILL,10000,25,True,True,True
299,NOSEPASS,NOSEPASS_NORMAL,102,82,215,POKEMON_TYPE_ROCK,POKEMON_TYPE_NONE,0,0,0.99,0.12375,97.0,12.125,0,3.0,1.0,BUDDY_BIG,NONE,FAMILY_NOSEPASS,50000,50,True,True,True
300,SKITTY,SKITTY_NORMAL,137,84,79,POKEMON_TYPE_NORMAL,POKEMON_TYPE_NONE,0,0,0.61,0.07625,11.0,1.375,0,3.0,0.6,BUDDY_NORMAL,NONE,FAMILY_SKITTY,50000,50,True,True,True
301,DELCATTY,DELCATTY_NORMAL,172,132,127,POKEMON_TYPE_NORMAL,POKEMON_TYPE_NONE,0,0,1.09,0.13625,32.6,4.075,0,3.0,1.2604166,BUDDY_BIG,NONE,FAMILY_SKITTY,50000,50,True,True,True
302,SABLEYE,SABLEYE_COSTUME_2020/SABLEYE_NORMAL,137,141,136,POKEMON_TYPE_DARK,POKEMON_TYPE_GHOST,0,0,0.51,0.06375,11.0,1.375,0,5.0,0.5,BUDDY_NORMAL,NONE,FAMILY_SABLEYE,75000,75,True,True,True
303,MAWILE,MAWILE_NORMAL,137,155,141,POKEMON_TYPE_STEEL,POKEMON_TYPE_FAIRY,0,0,0.61,0.07625,11.5,1.4375,0,5.0,0.62,BUDDY_NORMAL,NONE,FAMILY_MAWILE,75000,75,True,True,True
304,ARON,ARON_NORMAL,137,121,141,POKEMON_TYPE_STEEL,POKEMON_TYPE_ROCK,0,0,0.41,0.05125,60.0,7.5,0,1.0,0.4,BUDDY_NORMAL,NONE,FAMILY_ARON,10000,25,True,True,True
305,LAIRON,LAIRON_NORMAL,155,158,198,POKEMON_TYPE_STEEL,POKEMON_TYPE_ROCK,0,0,0.89,0.11125,120.0,15.0,0,1.0,0.9,BUDDY_BIG,NONE,FAMILY_ARON,10000,25,True,True,True
306,AGGRON,AGGRON_NORMAL,172,198,257,POKEMON_TYPE_STEEL,POKEMON_TYPE_ROCK,0,0,2.11,0.26375,360.0,45.0,0,1.0,2.2,BUDDY_BIG,NONE,FAMILY_ARON,10000,25,True,True,True
307,MEDITITE,MEDITITE_NORMAL,102,78,107,POKEMON_TYPE_FIGHTING,POKEMON_TYPE_PSYCHIC,0,0,0.61,0.07625,11.2,1.4,0,3.0,0.57,BUDDY_NORMAL,NONE,FAMILY_MEDITITE,50000,50,True,True,True
308,MEDICHAM,MEDICHAM_NORMAL,155,121,152,POKEMON_TYPE_FIGHTING,POKEMON_TYPE_PSYCHIC,0,0,1.3,0.1625,31.5,3.9375,0,3.0,1.5113636,BUDDY_BIG,NONE,FAMILY_MEDITITE,50000,50,True,True,True
309,ELECTRIKE,ELECTRIKE_NORMAL,120,123,78,POKEMON_TYPE_ELECTRIC,POKEMON_TYPE_NONE,0,0,0.61,0.07625,15.2,1.9,0,3.0,1.02,BUDDY_BIG,NONE,FAMILY_ELECTRIKE,50000,50,True,True,True
310,MANECTRIC,MANECTRIC_NORMAL,172,215,127,POKEMON_TYPE_ELECTRIC,POKEMON_TYPE_NONE,0,0,1.5,0.1875,40.2,5.025,0,3.0,1.6091954,BUDDY_BIG,NONE,FAMILY_ELECTRIKE,50000,50,True,True,True
311,PLUSLE,PLUSLE_NORMAL,155,167,129,POKEMON_TYPE_ELECTRIC,POKEMON_TYPE_NONE,0,0,0.41,0.05125,4.2,0.525,0,3.0,0.4,BUDDY_SHOULDER,NONE,FAMILY_PLUSLE,50000,50,True,True,True
312,MINUN,MINUN_NORMAL,155,147,150,POKEMON_TYPE_ELECTRIC,POKEMON_TYPE_NONE,0,0,0.41,0.05125,4.2,0.525,0,3.0,0.4,BUDDY_SHOULDER,NONE,FAMILY_MINUN,50000,50,True,True,True
313,VOLBEAT,VOLBEAT_NORMAL,163,143,166,POKEMON_TYPE_BUG,POKEMON_TYPE_NONE,0,0,0.71,0.08875,17.7,2.2125,0,3.0,0.7,BUDDY_BIG,NONE,FAMILY_VOLBEAT,50000,50,True,True,True
314,ILLUMISE,ILLUMISE_NORMAL,163,143,166,POKEMON_TYPE_BUG,POKEMON_TYPE_NONE,0,0,0.61,0.07625,17.7,2.2125,0,3.0,0.6,BUDDY_BIG,NONE,FAMILY_ILLUMISE,50000,50,True,True,True
315,ROSELIA,ROSELIA_NORMAL,137,186,131,POKEMON_TYPE_GRASS,POKEMON_TYPE_POISON,0,0,0.3,0.0375,2.0,0.25,0,3.0,0.35714287,BUDDY_NORMAL,NONE,FAMILY_ROSELIA,50000,50,True,True,True
316,GULPIN,GULPIN_NORMAL,172,80,99,POKEMON_TYPE_POISON,POKEMON_TYPE_NONE,0,0,0.41,0.05125,10.3,1.2875,0,1.0,0.55,BUDDY_NORMAL,NONE,FAMILY_GULPIN,10000,25,True,True,True
317,SWALOT,SWALOT_NORMAL,225,140,159,POKEMON_TYPE_POISON,POKEMON_TYPE_NONE,0,0,1.7,0.2125,80.0,10.0,0,1.0,1.7,BUDDY_BIG,NONE,FAMILY_GULPIN,10000,25,True,True,True
318,CARVANHA,CARVANHA_NORMAL,128,171,39,POKEMON_TYPE_WATER,POKEMON_TYPE_DARK,0,0,0.79,0.09875,20.8,2.6,0,3.0,0.86,BUDDY_BIG,NONE,FAMILY_CARVANHA,50000,50,True,True,True
319,SHARPEDO,SHARPEDO_NORMAL,172,243,83,POKEMON_TYPE_WATER,POKEMON_TYPE_DARK,0,0,1.8,0.225,88.8,11.1,0,3.0,1.35,BUDDY_BIG,NONE,FAMILY_CARVANHA,50000,50,True,True,True
320,WAILMER,WAILMER_NORMAL,277,136,68,POKEMON_TYPE_WATER,POKEMON_TYPE_NONE,0,0,2.01,0.25125,130.0,16.25,0,1.0,1.654054,BUDDY_BIG,NONE,FAMILY_WAILMER,10000,25,True,True,True
321,WAILORD,WAILORD_NORMAL,347,175,87,POKEMON_TYPE_WATER,POKEMON_TYPE_NONE,0,0,14.5,1.8125,398.0,49.75,0,1.0,7.0,BUDDY_BIG,NONE,FAMILY_WAILMER,10000,25,True,True,True
322,NUMEL,NUMEL_NORMAL,155,119,79,POKEMON_TYPE_FIRE,POKEMON_TYPE_GROUND,0,0,0.71,0.08875,24.0,3.0,0,3.0,0.7,BUDDY_NORMAL,NONE,FAMILY_NUMEL,50000,50,True,True,True
323,CAMERUPT,CAMERUPT_NORMAL,172,194,136,POKEMON_TYPE_FIRE,POKEMON_TYPE_GROUND,0,0,1.91,0.23875,220.0,27.5,0,3.0,1.8461539,BUDDY_BIG,NONE,FAMILY_NUMEL,50000,50,True,True,True
324,TORKOAL,TORKOAL_NORMAL,172,151,203,POKEMON_TYPE_FIRE,POKEMON_TYPE_NONE,0,0,0.51,0.06375,80.4,10.05,0,3.0,0.82,BUDDY_NORMAL,NONE,FAMILY_TORKOAL,50000,50,True,True,True
325,SPOINK,SPOINK_NORMAL,155,125,122,POKEMON_TYPE_PSYCHIC,POKEMON_TYPE_NONE,0,0,0.71,0.08875,30.6,3.825,0,1.0,0.768,BUDDY_NORMAL,NONE,FAMILY_SPOINK,10000,25,True,True,True
326,GRUMPIG,GRUMPIG_NORMAL,190,171,188,POKEMON_TYPE_PSYCHIC,POKEMON_TYPE_NONE,0,0,0.89,0.11125,71.5,8.9375,0,1.0,1.1490566,BUDDY_BIG,NONE,FAMILY_SPOINK,10000,25,True,True,True
327,SPINDA,SPINDA_00/SPINDA_01/SPINDA_02/SPINDA_03/SPINDA_04/SPINDA_05/SPINDA_06/SPINDA_07/SPINDA_08/SPINDA_09/SPINDA_10/SPINDA_11/SPINDA_12/SPINDA_13/SPINDA_14/SPINDA_15/SPINDA_16/SPINDA_17/SPINDA_18/SPINDA_19,155,116,116,POKEMON_TYPE_NORMAL,POKEMON_TYPE_NONE,0,0,1.09,0.13625,5.0,0.625,0,3.0,1.05,BUDDY_BIG,NONE,FAMILY_SPINDA,50000,50,True,True,True
328,TRAPINCH,TRAPINCH_NORMAL,128,162,78,POKEMON_TYPE_GROUND,POKEMON_TYPE_NONE,0,0,0.71,0.08875,15.0,1.875,0,5.0,0.65,BUDDY_NORMAL,NONE,FAMILY_TRAPINCH,75000,75,True,True,True
329,VIBRAVA,VIBRAVA_NORMAL,137,134,99,POKEMON_TYPE_GROUND,POKEMON_TYPE_DRAGON,0,0,1.09,0.13625,15.3,1.9125,0,5.0,1.1,BUDDY_FLYING,NONE,FAMILY_TRAPINCH,75000,75,True,True,True
330,FLYGON,FLYGON_NORMAL,190,205,168,POKEMON_TYPE_GROUND,POKEMON_TYPE_DRAGON,0,0,2.01,0.25125,82.0,10.25,0,5.0,2.0869565,BUDDY_FLYING,NONE,FAMILY_TRAPINCH,75000,75,True,True,True
331,CACNEA,CACNEA_NORMAL,137,156,74,POKEMON_TYPE_GRASS,POKEMON_TYPE_NONE,0,0,0.41,0.05125,51.3,6.4125,0,3.0,0.43,BUDDY_BIG,NONE,FAMILY_CACNEA,50000,50,True,True,True
332,CACTURNE,CACTURNE_NORMAL,172,221,115,POKEMON_TYPE_GRASS,POKEMON_TYPE_DARK,0,0,1.3,0.1625,77.4,9.675,0,3.0,1.3736264,BUDDY_BIG,NONE,FAMILY_CACNEA,50000,50,True,True,True
333,SWABLU,SWABLU_NORMAL,128,76,132,POKEMON_TYPE_NORMAL,POKEMON_TYPE_FLYING,0,0,0.41,0.05125,1.2,0.15,0,1.0,1.39,BUDDY_FLYING,NONE,FAMILY_SWABLU,10000,25,True,True,True
334,ALTARIA,ALTARIA_NORMAL,181,141,201,POKEMON_TYPE_DRAGON,POKEMON_TYPE_FLYING,0,0,1.09,0.13625,20.6,2.575,0,1.0,2.17,BUDDY_BIG,NONE,FAMILY_SWABLU,10000,25,True,True,True
335,ZANGOOSE,ZANGOOSE_NORMAL,177,222,124,POKEMON_TYPE_NORMAL,POKEMON_TYPE_NONE,0,0,1.3,0.1625,40.3,5.0375,0,3.0,1.35,BUDDY_BIG,NONE,FAMILY_ZANGOOSE,50000,50,True,True,True
336,SEVIPER,SEVIPER_NORMAL,177,196,118,POKEMON_TYPE_POISON,POKEMON_TYPE_NONE,0,0,2.69,0.33625,52.5,6.5625,0,3.0,1.8344444,BUDDY_NORMAL,NONE,FAMILY_SEVIPER,50000,50,True,True,True
337,LUNATONE,LUNATONE_NORMAL,207,178,153,POKEMON_TYPE_ROCK,POKEMON_TYPE_PSYCHIC,0,0,0.99,0.12375,168.0,21.0,0,3.0,1.0,BUDDY_FLYING,NONE,FAMILY_LUNATONE,50000,50,True,True,True
338,SOLROCK,SOLROCK_NORMAL,207,178,153,POKEMON_TYPE_ROCK,POKEMON_TYPE_PSYCHIC,0,0,1.19,0.14875,154.0,19.25,0,3.0,1.2,BUDDY_FLYING,NONE,FAMILY_SOLROCK,50000,50,True,True,True
339,BARBOACH,BARBOACH_NORMAL,137,93,82,POKEMON_TYPE_WATER,POKEMON_TYPE_GROUND,0,0,0.41,0.05125,1.9,0.2375,0,1.0,0.4864865,BUDDY_NORMAL,NONE,FAMILY_BARBOACH,10000,25,True,True,True
340,WHISCASH,WHISCASH_NORMAL,242,151,141,POKEMON_TYPE_WATER,POKEMON_TYPE_GROUND,0,0,0.89,0.11125,23.6,2.95,0,1.0,1.1142857,BUDDY_BIG,NONE,FAMILY_BARBOACH,10000,25,True,True,True
341,CORPHISH,CORPHISH_NORMAL,125,141,99,POKEMON_TYPE_WATER,POKEMON_TYPE_NONE,0,0,0.61,0.07625,11.5,1.4375,0,3.0,0.56,BUDDY_NORMAL,NONE,FAMILY_CORPHISH,50000,50,True,True,True
342,CRAWDAUNT,CRAWDAUNT_NORMAL,160,224,142,POKEMON_TYPE_WATER,POKEMON_TYPE_DARK,0,0,1.09,0.13625,32.8,4.1,0,3.0,1.2,BUDDY_BIG,NONE,FAMILY_CORPHISH,50000,50,True,True,True
343,BALTOY,BALTOY_NORMAL,120,77,124,POKEMON_TYPE_GROUND,POKEMON_TYPE_PSYCHIC,0,0,0.51,0.06375,21.5,2.6875,0,3.0,0.5,BUDDY_NORMAL,NONE,FAMILY_BALTOY,50000,50,True,True,True
344,CLAYDOL,CLAYDOL_NORMAL,155,140,229,POKEMON_TYPE_GROUND,POKEMON_TYPE_PSYCHIC,0,0,1.5,0.1875,108.0,13.5,0,3.0,1.35,BUDDY_BIG,NONE,FAMILY_BALTOY,50000,50,True,True,True
345,LILEEP,LILEEP_NORMAL,165,105,150,POKEMON_TYPE_ROCK,POKEMON_TYPE_GRASS,0,0,0.99,0.12375,23.8,2.975,0,3.0,0.92,BUDDY_BIG,NONE,FAMILY_LILEEP,50000,50,True,True,True
346,CRADILY,CRADILY_NORMAL,200,152,194,POKEMON_TYPE_ROCK,POKEMON_TYPE_GRASS,0,0,1.5,0.1875,60.4,7.55,0,3.0,1.45,BUDDY_BIG,NONE,FAMILY_LILEEP,50000,50,True,True,True
347,ANORITH,ANORITH_NORMAL,128,176,100,POKEMON_TYPE_ROCK,POKEMON_TYPE_BUG,0,0,0.71,0.08875,12.5,1.5625,0,3.0,0.7,BUDDY_BIG,NONE,FAMILY_ANORITH,50000,50,True,True,True
348,ARMALDO,ARMALDO_NORMAL,181,222,174,POKEMON_TYPE_ROCK,POKEMON_TYPE_BUG,0,0,1.5,0.1875,68.2,8.525,0,3.0,1.38,BUDDY_BIG,NONE,FAMILY_ANORITH,50000,50,True,True,True
349,FEEBAS,FEEBAS_NORMAL,85,29,85,POKEMON_TYPE_WATER,POKEMON_TYPE_NONE,0,0,0.61,0.07625,7.4,0.925,0,5.0,0.6,BUDDY_NORMAL,NONE,FAMILY_FEEBAS,75000,75,True,True,True
350,MILOTIC,MILOTIC_NORMAL,216,192,219,POKEMON_TYPE_WATER,POKEMON_TYPE_NONE,0,0,6.2,0.775,162.0,20.25,0,5.0,2.3,BUDDY_BIG,NONE,FAMILY_FEEBAS,75000,75,True,True,True
351,CASTFORM,CASTFORM_NORMAL/CASTFORM_RAINY/CASTFORM_SNOWY/CASTFORM_SUNNY,172,139,139,POKEMON_TYPE_NORMAL,POKEMON_TYPE_NONE,0,0,0.3,0.0375,0.8,0.1,0,5.0,0.35,BUDDY_NORMAL,NONE,FAMILY_CASTFORM,75000,75,True,True,True
352,KECLEON,KECLEON_NORMAL,155,161,189,POKEMON_TYPE_NORMAL,POKEMON_TYPE_NONE,0,0,0.99,0.12375,22.0,2.75,0,5.0,1.0,BUDDY_NORMAL,NONE,FAMILY_KECLEON,75000,75,True,True,True
353,SHUPPET,SHUPPET_NORMAL,127,138,65,POKEMON_TYPE_GHOST,POKEMON_TYPE_NONE,0,0,0.61,0.07625,2.3,0.2875,0,3.0,0.64,BUDDY_NORMAL,NONE,FAMILY_SHUPPET,50000,50,True,True,True
354,BANETTE,BANETTE_NORMAL,162,218,126,POKEMON_TYPE_GHOST,POKEMON_TYPE_NONE,0,0,1.09,0.13625,12.5,1.5625,0,3.0,1.08,BUDDY_BIG,NONE,FAMILY_SHUPPET,50000,50,True,True,True
355,DUSKULL,DUSKULL_NORMAL,85,70,162,POKEMON_TYPE_GHOST,POKEMON_TYPE_NONE,0,0,0.79,0.09875,15.0,1.875,0,3.0,0.8,BUDDY_BIG,NONE,FAMILY_DUSKULL,50000,50,True,True,True
356,DUSCLOPS,DUSCLOPS_NORMAL,120,124,234,POKEMON_TYPE_GHOST,POKEMON_TYPE_NONE,0,0,1.6,0.2,30.6,3.825,0,3.0,1.55,BUDDY_BIG,NONE,FAMILY_DUSKULL,50000,50,True,True,True
357,TROPIUS,TROPIUS_NORMAL,223,136,163,POKEMON_TYPE_GRASS,POKEMON_TYPE_FLYING,0,0,2.01,0.25125,100.0,12.5,0,5.0,3.09,BUDDY_BIG,NONE,FAMILY_TROPIUS,75000,75,True,True,True
358,CHIMECHO,CHIMECHO_NORMAL,181,175,170,POKEMON_TYPE_PSYCHIC,POKEMON_TYPE_NONE,0,0,0.61,0.07625,1.0,0.125,0,5.0,0.58,BUDDY_NORMAL,NONE,FAMILY_CHIMECHO,75000,75,True,True,True
359,ABSOL,ABSOL_NORMAL,163,246,120,POKEMON_TYPE_DARK,POKEMON_TYPE_NONE,0,0,1.2,0.15,47.0,5.875,0,5.0,1.3043479,BUDDY_NORMAL,NONE,FAMILY_ABSOL,75000,75,True,True,True
360,WYNAUT,WYNAUT_NORMAL,216,41,86,POKEMON_TYPE_PSYCHIC,POKEMON_TYPE_NONE,0,0,0.61,0.07625,14.0,1.75,0,3.0,0.59583336,BUDDY_BIG,NONE,FAMILY_WOBBUFFET,10000,25,True,True,True
361,SNORUNT,SNORUNT_NORMAL,137,95,95,POKEMON_TYPE_ICE,POKEMON_TYPE_NONE,0,0,0.71,0.08875,16.8,2.1,0,3.0,0.6581197,BUDDY_NORMAL,NONE,FAMILY_SNORUNT,50000,50,True,True,True
362,GLALIE,GLALIE_NORMAL,190,162,162,POKEMON_TYPE_ICE,POKEMON_TYPE_NONE,0,0,1.5,0.1875,256.5,32.0625,0,3.0,1.5,BUDDY_BIG,NONE,FAMILY_SNORUNT,50000,50,True,True,True
363,SPHEAL,SPHEAL_NORMAL,172,95,90,POKEMON_TYPE_ICE,POKEMON_TYPE_WATER,0,0,0.79,0.09875,39.5,4.9375,0,3.0,0.8,BUDDY_BIG,NONE,FAMILY_SPHEAL,50000,50,True,True,True
364,SEALEO,SEALEO_NORMAL,207,137,132,POKEMON_TYPE_ICE,POKEMON_TYPE_WATER,0,0,1.09,0.13625,87.6,10.95,0,3.0,0.84705883,BUDDY_BIG,NONE,FAMILY_SPHEAL,50000,50,True,True,True
365,WALREIN,WALREIN_NORMAL,242,182,176,POKEMON_TYPE_ICE,POKEMON_TYPE_WATER,0,0,1.4,0.175,150.6,18.825,0,3.0,1.3876405,BUDDY_BIG,NONE,FAMILY_SPHEAL,50000,50,True,True,True
366,CLAMPERL,CLAMPERL_NORMAL,111,133,135,POKEMON_TYPE_WATER,POKEMON_TYPE_NONE,0,0,0.41,0.05125,52.5,6.5625,0,3.0,0.4,BUDDY_NORMAL,NONE,FAMILY_CLAMPERL,50000,50,True,True,True
367,HUNTAIL,HUNTAIL_NORMAL,146,197,179,POKEMON_TYPE_WATER,POKEMON_TYPE_NONE,0,0,1.7,0.2125,27.0,3.375,0,3.0,2.1465116,BUDDY_BIG,NONE,FAMILY_CLAMPERL,50000,50,True,True,True
368,GOREBYSS,GOREBYSS_NORMAL,146,211,179,POKEMON_TYPE_WATER,POKEMON_TYPE_NONE,0,0,1.8,0.225,22.6,2.825,0,3.0,2.009091,BUDDY_BIG,NONE,FAMILY_CLAMPERL,50000,50,True,True,True
369,RELICANTH,RELICANTH_NORMAL,225,162,203,POKEMON_TYPE_WATER,POKEMON_TYPE_ROCK,0,0,0.99,0.12375,23.4,2.925,0,5.0,0.92,BUDDY_BIG,NONE,FAMILY_RELICANTH,75000,75,True,True,True
370,LUVDISC,LUVDISC_NORMAL,125,81,128,POKEMON_TYPE_WATER,POKEMON_TYPE_NONE,0,0,0.61,0.07625,8.7,1.0875,0,3.0,0.6,BUDDY_NORMAL,NONE,FAMILY_LUVDISC,50000,50,True,True,True
371,BAGON,BAGON_NORMAL,128,134,93,POKEMON_TYPE_DRAGON,POKEMON_TYPE_NONE,0,0,0.61,0.07625,42.1,5.2625,0,5.0,0.65,BUDDY_NORMAL,NONE,FAMILY_BAGON,75000,75,True,True,True
372,SHELGON,SHELGON_NORMAL,163,172,155,POKEMON_TYPE_DRAGON,POKEMON_TYPE_NONE,0,0,1.09,0.13625,110.5,13.8125,0,5.0,1.1,BUDDY_BIG,NONE,FAMILY_BAGON,75000,75,True,True,True
373,SALAMENCE,SALAMENCE_NORMAL,216,277,168,POKEMON_TYPE_DRAGON,POKEMON_TYPE_FLYING,0,0,1.5,0.1875,102.6,12.825,0,5.0,1.6,BUDDY_BIG,NONE,FAMILY_BAGON,75000,75,True,True,True
374,BELDUM,BELDUM_NORMAL,120,96,132,POKEMON_TYPE_STEEL,POKEMON_TYPE_PSYCHIC,0,0,0.61,0.07625,95.2,11.9,0,5.0,0.61,BUDDY_NORMAL,NONE,FAMILY_BELDUM,75000,75,True,True,True
375,METANG,METANG_NORMAL,155,138,176,POKEMON_TYPE_STEEL,POKEMON_TYPE_PSYCHIC,0,0,1.19,0.14875,202.5,25.3125,0,5.0,1.53,BUDDY_BIG,NONE,FAMILY_BELDUM,75000,75,True,True,True
376,METAGROSS,METAGROSS_NORMAL,190,257,228,POKEMON_TYPE_STEEL,POKEMON_TYPE_PSYCHIC,0,0,1.6,0.2,550.0,68.75,0,5.0,2.6,BUDDY_BIG,NONE,FAMILY_BELDUM,75000,75,True,True,True
377,REGIROCK,REGIROCK_NORMAL,190,179,309,POKEMON_TYPE_ROCK,POKEMON_TYPE_NONE,0,0,1.7,0.2125,230.0,28.75,0,20.0,1.7,BUDDY_BIG,POKEMON_CLASS_LEGENDARY,FAMILY_REGIROCK,100000,100,True,False,True
378,REGICE,REGICE_NORMAL,190,179,309,POKEMON_TYPE_ICE,POKEMON_TYPE_NONE,0,0,1.8,0.225,175.0,21.875,0,20.0,1.8,BUDDY_BIG,POKEMON_CLASS_LEGENDARY,FAMILY_REGICE,100000,100,True,False,True
379,REGISTEEL,REGISTEEL_NORMAL,190,143,285,POKEMON_TYPE_STEEL,POKEMON_TYPE_NONE,0,0,1.91,0.23875,205.0,25.625,0,20.0,1.5,BUDDY_BIG,POKEMON_CLASS_LEGENDARY,FAMILY_REGISTEEL,100000,100,True,False,True
380,LATIAS,LATIAS_NORMAL/LATIAS_S,190,228,246,POKEMON_TYPE_DRAGON,POKEMON_TYPE_PSYCHIC,0,0,1.4,0.175,40.0,5.0,0,20.0,1.5225806,BUDDY_FLYING,POKEMON_CLASS_LEGENDARY,FAMILY_LATIAS,100000,100,True,False,True
381,LATIOS,LATIOS_NORMAL/LATIOS_S,190,268,212,POKEMON_TYPE_DRAGON,POKEMON_TYPE_PSYCHIC,0,0,2.01,0.25125,60.0,7.5,0,20.0,1.92,BUDDY_FLYING,POKEMON_CLASS_LEGENDARY,FAMILY_LATIOS,100000,100,True,False,True
382,KYOGRE,KYOGRE_NORMAL,205,270,228,POKEMON_TYPE_WATER,POKEMON_TYPE_NONE,0,0,4.5,0.5625,352.0,44.0,0,20.0,4.5,BUDDY_BIG,POKEMON_CLASS_LEGENDARY,FAMILY_KYOGRE,100000,100,True,False,True
383,GROUDON,GROUDON_NORMAL,205,270,228,POKEMON_TYPE_GROUND,POKEMON_TYPE_NONE,0,0,3.51,0.43875,950.0,118.75,0,20.0,3.5,BUDDY_BIG,POKEMON_CLASS_LEGENDARY,FAMILY_GROUDON,100000,100,True,False,True
384,RAYQUAZA,RAYQUAZA_NORMAL,213,284,170,POKEMON_TYPE_DRAGON,POKEMON_TYPE_FLYING,0,0,7.01,0.87625,206.5,25.8125,0,20.0,3.76,BUDDY_BIG,POKEMON_CLASS_LEGENDARY,FAMILY_RAYQUAZA,100000,100,True,False,True
385,JIRACHI,JIRACHI_NORMAL,225,210,210,POKEMON_TYPE_STEEL,POKEMON_TYPE_PSYCHIC,0,0,0.3,0.0375,1.1,0.1375,0,20.0,0.3,BUDDY_NORMAL,POKEMON_CLASS_MYTHIC,FAMILY_JIRACHI,100000,100,False,False,False
386,DEOXYS,DEOXYS_ATTACK/DEOXYS_DEFENSE/DEOXYS_NORMAL/DEOXYS_SPEED,137,345,115,POKEMON_TYPE_PSYCHIC,POKEMON_TYPE_NONE,0,0,1.7,0.2125,60.8,7.6,0,20.0,1.55,BUDDY_BIG,POKEMON_CLASS_MYTHIC,FAMILY_DEOXYS,100000,100,True,False,False
387,TURTWIG,TURTWIG_NORMAL,146,119,110,POKEMON_TYPE_GRASS,POKEMON_TYPE_NONE,0,0,0.4,0.05,10.2,1.275,25,3.0,0.4,BUDDY_NORMAL,NONE,FAMILY_TURTWIG,10000,25,True,True,True
388,GROTLE,GROTLE_NORMAL,181,157,143,POKEMON_TYPE_GRASS,POKEMON_TYPE_NONE,0,0,1.1,0.1375,97.0,12.125,25,3.0,1.1,BUDDY_BIG,NONE,FAMILY_TURTWIG,10000,25,True,True,True
389,TORTERRA,TORTERRA_NORMAL,216,202,188,POKEMON_TYPE_GRASS,POKEMON_TYPE_GROUND,0,0,2.2,0.275,310.0,38.75,25,3.0,2.2,BUDDY_BIG,NONE,FAMILY_TURTWIG,10000,25,True,True,True
390,CHIMCHAR,CHIMCHAR_NORMAL,127,113,86,POKEMON_TYPE_FIRE,POKEMON_TYPE_NONE,0,0,0.5,0.0625,6.2,0.775,25,3.0,0.48,BUDDY_NORMAL,NONE,FAMILY_CHIMCHAR,10000,25,True,True,True
391,MONFERNO,MONFERNO_NORMAL,162,158,105,POKEMON_TYPE_FIRE,POKEMON_TYPE_FIGHTING,0,0,0.9,0.1125,22.0,2.75,25,3.0,0.9,BUDDY_BIG,NONE,FAMILY_CHIMCHAR,10000,25,True,True,True
392,INFERNAPE,INFERNAPE_NORMAL,183,222,151,POKEMON_TYPE_FIRE,POKEMON_TYPE_FIGHTING,0,0,1.2,0.15,55.0,6.875,25,3.0,1.28,BUDDY_BIG,NONE,FAMILY_CHIMCHAR,10000,25,True,True,True
393,PIPLUP,PIPLUP_NORMAL,142,112,102,POKEMON_TYPE_WATER,POKEMON_TYPE_NONE,0,0,0.4,0.05,5.2,0.65,25,3.0,0.4,BUDDY_NORMAL,NONE,FAMILY_PIPLUP,10000,25,True,True,True
394,PRINPLUP,PRINPLUP_NORMAL,162,150,139,POKEMON_TYPE_WATER,POKEMON_TYPE_NONE,0,0,0.8,0.1,23.0,2.875,25,3.0,0.8,BUDDY_BIG,NONE,FAMILY_PIPLUP,10000,25,True,True,True
395,EMPOLEON,EMPOLEON_NORMAL,197,210,186,POKEMON_TYPE_WATER,POKEMON_TYPE_STEEL,0,0,1.7,0.2125,84.5,10.5625,25,3.0,1.7,BUDDY_BIG,NONE,FAMILY_PIPLUP,10000,25,True,True,True
396,STARLY,STARLY_NORMAL,120,101,58,POKEMON_TYPE_NORMAL,POKEMON_TYPE_FLYING,0,0,0.3,0.0375,2.0,0.25,25,1.0,0.32,BUDDY_NORMAL,NONE,FAMILY_STARLY,10000,25,True,True,True
397,STARAVIA,STARAVIA_NORMAL,146,142,94,POKEMON_TYPE_NORMAL,POKEMON_TYPE_FLYING,0,0,0.6,0.075,15.5,1.9375,25,1.0,0.97,BUDDY_FLYING,NONE,FAMILY_STARLY,10000,25,True,True,True
398,STARAPTOR,STARAPTOR_NORMAL,198,234,140,POKEMON_TYPE_NORMAL,POKEMON_TYPE_FLYING,0,0,1.2,0.15,24.9,3.1125,25,1.0,2.34,BUDDY_FLYING,NONE,FAMILY_STARLY,10000,25,True,True,True
399,BIDOOF,BIDOOF_NORMAL,153,80,73,POKEMON_TYPE_NORMAL,POKEMON_TYPE_NONE,0,0,0.5,0.0625,20.0,2.5,25,1.0,0.5,BUDDY_NORMAL,NONE,FAMILY_BIDOOF,10000,25,True,True,True
400,BIBAREL,BIBAREL_NORMAL,188,162,119,POKEMON_TYPE_NORMAL,POKEMON_TYPE_WATER,0,0,1.0,0.125,31.5,3.9375,25,1.0,1.0,BUDDY_NORMAL,NONE,FAMILY_BIDOOF,10000,25,True,True,True
401,KRICKETOT,KRICKETOT_NORMAL,114,45,74,POKEMON_TYPE_BUG,POKEMON_TYPE_NONE,0,0,0.3,0.0375,2.2,0.275,25,1.0,0.31,BUDDY_NORMAL,NONE,FAMILY_KRICKETOT,10000,25,True,True,True
402,KRICKETUNE,KRICKETUNE_NORMAL,184,160,100,POKEMON_TYPE_BUG,POKEMON_TYPE_NONE,0,0,1.0,0.125,25.5,3.1875,25,1.0,1.0,BUDDY_BIG,NONE,FAMILY_KRICKETOT,10000,25,True,True,True
403,SHINX,SHINX_NORMAL,128,117,64,POKEMON_TYPE_ELECTRIC,POKEMON_TYPE_NONE,0,0,0.5,0.0625,9.5,1.1875,25,5.0,0.5,BUDDY_NORMAL,NONE,FAMILY_SHINX,75000,75,True,True,True
404,LUXIO,LUXIO_NORMAL,155,159,95,POKEMON_TYPE_ELECTRIC,POKEMON_TYPE_NONE,0,0,0.9,0.1125,30.5,3.8125,25,5.0,0.9,BUDDY_NORMAL,NONE,FAMILY_SHINX,75000,75,True,True,True
405,LUXRAY,LUXRAY_NORMAL,190,232,156,POKEMON_TYPE_ELECTRIC,POKEMON_TYPE_NONE,0,0,1.4,0.175,42.0,5.25,25,5.0,1.4,BUDDY_BIG,NONE,FAMILY_SHINX,75000,75,True,True,True
406,BUDEW,BUDEW_NORMAL,120,91,109,POKEMON_TYPE_GRASS,POKEMON_TYPE_POISON,0,0,0.2,0.025,1.2,0.15,25,3.0,0.2,BUDDY_NORMAL,NONE,FAMILY_ROSELIA,10000,25,True,True,True
407,ROSERADE,ROSERADE_NORMAL,155,243,185,POKEMON_TYPE_GRASS,POKEMON_TYPE_POISON,0,0,0.9,0.1125,14.5,1.8125,25,3.0,0.9,BUDDY_NORMAL,NONE,FAMILY_ROSELIA,50000,50,True,True,True
408,CRANIDOS,CRANIDOS_NORMAL,167,218,71,POKEMON_TYPE_ROCK,POKEMON_TYPE_NONE,0,0,0.9,0.1125,31.5,3.9375,25,5.0,0.8,BUDDY_NORMAL,NONE,FAMILY_CRANIDOS,75000,75,True,True,True
409,RAMPARDOS,RAMPARDOS_NORMAL,219,295,109,POKEMON_TYPE_ROCK,POKEMON_TYPE_NONE,0,0,1.6,0.2,102.5,12.8125,25,5.0,1.43,BUDDY_NORMAL,NONE,FAMILY_CRANIDOS,75000,75,True,True,True
410,SHIELDON,SHIELDON_NORMAL,102,76,195,POKEMON_TYPE_ROCK,POKEMON_TYPE_STEEL,0,0,0.5,0.0625,57.0,7.125,25,5.0,0.5,BUDDY_NORMAL,NONE,FAMILY_SHIELDON,75000,75,True,True,True
411,BASTIODON,BASTIODON_NORMAL,155,94,286,POKEMON_TYPE_ROCK,POKEMON_TYPE_STEEL,0,0,1.3,0.1625,149.5,18.6875,25,5.0,1.3,BUDDY_NORMAL,NONE,FAMILY_SHIELDON,75000,75,True,True,True
412,BURMY,BURMY_PLANT/BURMY_SANDY/BURMY_TRASH,120,53,83,POKEMON_TYPE_BUG,POKEMON_TYPE_NONE,0,0,0.2,0.025,3.4,0.425,25,1.0,0.34,BUDDY_NORMAL,NONE,FAMILY_BURMY,10000,25,True,True,True
413,WORMADAM,WORMADAM_PLANT/WORMADAM_SANDY/WORMADAM_TRASH,155,141,180,POKEMON_TYPE_BUG,POKEMON_TYPE_GRASS,0,0,0.5,0.0625,6.5,0.8125,25,1.0,0.5,BUDDY_NORMAL,NONE,FAMILY_BURMY,10000,25,True,True,True
414,MOTHIM,MOTHIM_NORMAL,172,185,98,POKEMON_TYPE_BUG,POKEMON_TYPE_FLYING,0,0,0.9,0.1125,23.3,2.9125,25,1.0,0.9,BUDDY_NORMAL,NONE,FAMILY_BURMY,10000,25,True,True,True
415,COMBEE,COMBEE_NORMAL,102,59,83,POKEMON_TYPE_BUG,POKEMON_TYPE_FLYING,0,0,0.3,0.0375,5.5,0.6875,25,3.0,0.3,BUDDY_NORMAL,NONE,FAMILY_COMBEE,50000,50,True,True,True
416,VESPIQUEN,VESPIQUEN_NORMAL,172,149,190,POKEMON_TYPE_BUG,POKEMON_TYPE_FLYING,0,0,1.2,0.15,38.5,4.8125,25,3.0,1.27,BUDDY_NORMAL,NONE,FAMILY_COMBEE,50000,50,True,True,True
417,PACHIRISU,PACHIRISU_NORMAL,155,94,172,POKEMON_TYPE_ELECTRIC,POKEMON_TYPE_NONE,0,0,0.4,0.05,3.9,0.4875,25,5.0,0.4,BUDDY_NORMAL,NONE,FAMILY_PACHIRISU,75000,75,True,True,True
418,BUIZEL,BUIZEL_NORMAL,146,132,67,POKEMON_TYPE_WATER,POKEMON_TYPE_NONE,0,0,0.7,0.0875,29.5,3.6875,25,3.0,0.7,BUDDY_NORMAL,NONE,FAMILY_BUIZEL,50000,50,True,True,True
419,FLOATZEL,FLOATZEL_NORMAL,198,221,114,POKEMON_TYPE_WATER,POKEMON_TYPE_NONE,0,0,1.1,0.1375,33.5,4.1875,25,3.0,1.1,BUDDY_NORMAL,NONE,FAMILY_BUIZEL,50000,50,True,True,True
420,CHERUBI,CHERUBI_NORMAL,128,108,92,POKEMON_TYPE_GRASS,POKEMON_TYPE_NONE,0,0,0.4,0.05,3.3,0.4125,25,1.0,0.4,BUDDY_NORMAL,NONE,FAMILY_CHERUBI,10000,25,True,True,True
421,CHERRIM,CHERRIM_OVERCAST/CHERRIM_SUNNY,172,170,153,POKEMON_TYPE_GRASS,POKEMON_TYPE_NONE,0,0,0.5,0.0625,9.3,1.1625,25,1.0,0.5,BUDDY_NORMAL,NONE,FAMILY_CHERUBI,10000,25,True,True,True
422,SHELLOS,SHELLOS_EAST_SEA/SHELLOS_WEST_SEA,183,103,105,POKEMON_TYPE_WATER,POKEMON_TYPE_NONE,0,0,0.3,0.0375,6.3,0.7875,25,3.0,0.3,BUDDY_NORMAL,NONE,FAMILY_SHELLOS,50000,50,True,True,True
423,GASTRODON,GASTRODON_EAST_SEA/GASTRODON_WEST_SEA,244,169,143,POKEMON_TYPE_WATER,POKEMON_TYPE_GROUND,0,0,0.9,0.1125,29.9,3.7375,25,3.0,0.9,BUDDY_NORMAL,NONE,FAMILY_SHELLOS,50000,50,True,True,True
424,AMBIPOM,AMBIPOM_NORMAL,181,205,143,POKEMON_TYPE_NORMAL,POKEMON_TYPE_NONE,0,0,1.2,0.15,20.3,2.5375,25,3.0,1.27,BUDDY_NORMAL,NONE,FAMILY_AIPOM,50000,50,True,True,True
425,DRIFLOON,DRIFLOON_NORMAL,207,117,80,POKEMON_TYPE_GHOST,POKEMON_TYPE_FLYING,0,0,0.4,0.05,1.2,0.15,25,5.0,0.76,BUDDY_NORMAL,NONE,FAMILY_DRIFLOON,75000,75,True,True,True
426,DRIFBLIM,DRIFBLIM_NORMAL,312,180,102,POKEMON_TYPE_GHOST,POKEMON_TYPE_FLYING,0,0,1.2,0.15,15.0,1.875,25,5.0,1.66,BUDDY_FLYING,NONE,FAMILY_DRIFLOON,75000,75,True,True,True
427,BUNEARY,BUNEARY_NORMAL,146,130,105,POKEMON_TYPE_NORMAL,POKEMON_TYPE_NONE,0,0,0.4,0.05,5.5,0.6875,25,3.0,0.4,BUDDY_NORMAL,NONE,FAMILY_BUNEARY,50000,50,True,True,True
428,LOPUNNY,LOPUNNY_NORMAL,163,156,194,POKEMON_TYPE_NORMAL,POKEMON_TYPE_NONE,0,0,1.2,0.15,33.3,4.1625,25,3.0,1.13,BUDDY_BIG,NONE,FAMILY_BUNEARY,50000,50,True,True,True
429,MISMAGIUS,MISMAGIUS_NORMAL,155,211,187,POKEMON_TYPE_GHOST,POKEMON_TYPE_NONE,0,0,0.9,0.1125,4.4,0.55,25,3.0,0.9,BUDDY_NORMAL,NONE,FAMILY_MISDREAVUS,50000,50,True,True,True
430,HONCHKROW,HONCHKROW_NORMAL,225,243,103,POKEMON_TYPE_DARK,POKEMON_TYPE_FLYING,0,0,0.9,0.1125,27.3,3.4125,25,3.0,1.65,BUDDY_NORMAL,NONE,FAMILY_MURKROW,50000,50,True,True,True
431,GLAMEOW,GLAMEOW_NORMAL,135,109,82,POKEMON_TYPE_NORMAL,POKEMON_TYPE_NONE,0,0,0.5,0.0625,3.9,0.4875,25,3.0,0.5,BUDDY_NORMAL,NONE,FAMILY_GLAMEOW,50000,50,True,True,True
432,PURUGLY,PURUGLY_NORMAL,174,172,133,POKEMON_TYPE_NORMAL,POKEMON_TYPE_NONE,0,0,1.0,0.125,43.8,5.475,25,3.0,1.0,BUDDY_NORMAL,NONE,FAMILY_GLAMEOW,50000,50,True,True,True
433,CHINGLING,CHINGLING_NORMAL,128,114,94,POKEMON_TYPE_PSYCHIC,POKEMON_TYPE_NONE,0,0,0.2,0.025,0.6,0.075,25,5.0,0.3,BUDDY_NORMAL,NONE,FAMILY_CHIMECHO,10000,25,True,True,True
434,STUNKY,STUNKY_NORMAL,160,121,90,POKEMON_TYPE_POISON,POKEMON_TYPE_DARK,0,0,0.4,0.05,19.2,2.4,25,3.0,0.7,BUDDY_NORMAL,NONE,FAMILY_STUNKY,50000,50,True,True,True
435,SKUNTANK,SKUNTANK_NORMAL,230,184,132,POKEMON_TYPE_POISON,POKEMON_TYPE_DARK,0,0,1.0,0.125,38.0,4.75,25,3.0,1.0,BUDDY_BIG,NONE,FAMILY_STUNKY,50000,50,True,True,True
436,BRONZOR,BRONZOR_NORMAL,149,43,154,POKEMON_TYPE_STEEL,POKEMON_TYPE_PSYCHIC,0,0,0.5,0.0625,60.5,7.5625,25,3.0,0.5,BUDDY_NORMAL,NONE,FAMILY_BRONZOR,50000,50,True,True,True
437,BRONZONG,BRONZONG_NORMAL,167,161,213,POKEMON_TYPE_STEEL,POKEMON_TYPE_PSYCHIC,0,0,1.3,0.1625,187.0,23.375,25,3.0,1.3,BUDDY_NORMAL,NONE,FAMILY_BRONZOR,50000,50,True,True,True
438,BONSLY,BONSLY_NORMAL,137,124,133,POKEMON_TYPE_ROCK,POKEMON_TYPE_NONE,0,0,0.5,0.0625,15.0,1.875,25,5.0,0.5,BUDDY_NORMAL,NONE,FAMILY_SUDOWOODO,10000,25,True,True,True
439,MIME_JR,MIME_JR_NORMAL,85,125,142,POKEMON_TYPE_PSYCHIC,POKEMON_TYPE_FAIRY,0,0,0.6,0.075,13.0,1.625,25,5.0,0.88,BUDDY_NORMAL,NONE,FAMILY_MR_MIME,10000,25,True,True,True
440,HAPPINY,HAPPINY_NORMAL,225,25,77,POKEMON_TYPE_NORMAL,POKEMON_TYPE_NONE,0,0,0.6,0.075,24.4,3.05,25,5.0,0.6,BUDDY_NORMAL,NONE,FAMILY_CHANSEY,10000,25,True,True,True
441,CHATOT,CHATOT_NORMAL,183,183,91,POKEMON_TYPE_NORMAL,POKEMON_TYPE_FLYING,0,0,0.5,0.0625,1.9,0.2375,25,5.0,0.5,BUDDY_NORMAL,NONE,FAMILY_CHATOT,75000,75,True,True,True
442,SPIRITOMB,SPIRITOMB_NORMAL,137,169,199,POKEMON_TYPE_GHOST,POKEMON_TYPE_DARK,0,0,1.0,0.125,108.0,13.5,25,5.0,1.43,BUDDY_BIG,NONE,FAMILY_SPIRITOMB,75000,75,True,True,True
443,GIBLE,GIBLE_NORMAL,151,124,84,POKEMON_TYPE_DRAGON,POKEMON_TYPE_GROUND,0,0,0.7,0.0875,20.5,2.5625,25,5.0,0.72,BUDDY_NORMAL,NONE,FAMILY_GIBLE,75000,75,True,True,True
444,GABITE,GABITE_NORMAL,169,172,125,POKEMON_TYPE_DRAGON,POKEMON_TYPE_GROUND,0,0,1.4,0.175,56.0,7.0,25,5.0,1.3,BUDDY_NORMAL,NONE,FAMILY_GIBLE,75000,75,True,True,True
445,GARCHOMP,GARCHOMP_NORMAL,239,261,193,POKEMON_TYPE_DRAGON,POKEMON_TYPE_GROUND,0,0,1.9,0.2375,95.0,11.875,25,5.0,1.95,BUDDY_NORMAL,NONE,FAMILY_GIBLE,75000,75,True,True,True
446,MUNCHLAX,MUNCHLAX_NORMAL,286,137,117,POKEMON_TYPE_NORMAL,POKEMON_TYPE_NONE,0,0,0.6,0.075,105.0,13.125,25,5.0,0.6,BUDDY_NORMAL,NONE,FAMILY_SNORLAX,10000,25,True,True,True
447,RIOLU,RIOLU_NORMAL,120,127,78,POKEMON_TYPE_FIGHTING,POKEMON_TYPE_NONE,0,0,0.7,0.0875,20.2,2.525,25,5.0,0.7,BUDDY_NORMAL,NONE,FAMILY_LUCARIO,10000,25,True,True,True
448,LUCARIO,LUCARIO_NORMAL,172,236,144,POKEMON_TYPE_FIGHTING,POKEMON_TYPE_STEEL,0,0,1.2,0.15,54.0,6.75,25,5.0,1.25,BUDDY_NORMAL,NONE,FAMILY_LUCARIO,75000,75,True,True,True
449,HIPPOPOTAS,HIPPOPOTAS_NORMAL,169,124,118,POKEMON_TYPE_GROUND,POKEMON_TYPE_NONE,0,0,0.8,0.1,49.5,6.1875,25,3.0,1.3,BUDDY_NORMAL,NONE,FAMILY_HIPPOPOTAS,50000,50,True,True,True
450,HIPPOWDON,HIPPOWDON_NORMAL,239,201,191,POKEMON_TYPE_GROUND,POKEMON_TYPE_NONE,0,0,2.0,0.25,300.0,37.5,25,3.0,3.8,BUDDY_BIG,NONE,FAMILY_HIPPOPOTAS,50000,50,True,True,True
451,SKORUPI,SKORUPI_NORMAL,120,93,151,POKEMON_TYPE_POISON,POKEMON_TYPE_BUG,0,0,0.8,0.1,12.0,1.5,25,5.0,0.8,BUDDY_NORMAL,NONE,FAMILY_SKORUPI,75000,75,True,True,True
452,DRAPION,DRAPION_NORMAL,172,180,202,POKEMON_TYPE_POISON,POKEMON_TYPE_DARK,0,0,1.3,0.1625,61.5,7.6875,25,5.0,1.6,BUDDY_NORMAL,NONE,FAMILY_SKORUPI,75000,75,True,True,True
453,CROAGUNK,CROAGUNK_NORMAL,134,116,76,POKEMON_TYPE_POISON,POKEMON_TYPE_FIGHTING,0,0,0.7,0.0875,23.0,2.875,25,3.0,0.6,BUDDY_NORMAL,NONE,FAMILY_CROAGUNK,50000,50,True,True,True
454,TOXICROAK,TOXICROAK_NORMAL,195,211,133,POKEMON_TYPE_POISON,POKEMON_TYPE_FIGHTING,0,0,1.3,0.1625,44.4,5.55,25,3.0,1.2,BUDDY_NORMAL,NONE,FAMILY_CROAGUNK,50000,50,True,True,True
455,CARNIVINE,CARNIVINE_NORMAL,179,187,136,POKEMON_TYPE_GRASS,POKEMON_TYPE_NONE,0,0,1.4,0.175,27.0,3.375,25,5.0,1.44,BUDDY_FLYING,NONE,FAMILY_CARNIVINE,75000,75,True,True,True
456,FINNEON,FINNEON_NORMAL,135,96,116,POKEMON_TYPE_WATER,POKEMON_TYPE_NONE,0,0,0.4,0.05,7.0,0.875,25,3.0,0.4,BUDDY_NORMAL,NONE,FAMILY_FINNEON,50000,50,True,True,True
457,LUMINEON,LUMINEON_NORMAL,170,142,170,POKEMON_TYPE_WATER,POKEMON_TYPE_NONE,0,0,1.2,0.15,24.0,3.0,25,3.0,1.2,BUDDY_NORMAL,NONE,FAMILY_FINNEON,50000,50,True,True,True
458,MANTYKE,MANTYKE_NORMAL,128,105,179,POKEMON_TYPE_WATER,POKEMON_TYPE_FLYING,0,0,1.0,0.125,65.0,8.125,25,5.0,0.92,BUDDY_NORMAL,NONE,FAMILY_MANTINE,10000,25,True,True,True
459,SNOVER,SNOVER_NORMAL,155,115,105,POKEMON_TYPE_GRASS,POKEMON_TYPE_ICE,0,0,1.0,0.125,50.5,6.3125,25,3.0,1.0,BUDDY_NORMAL,NONE,FAMILY_SNOVER,50000,50,True,True,True
460,ABOMASNOW,ABOMASNOW_NORMAL,207,178,158,POKEMON_TYPE_GRASS,POKEMON_TYPE_ICE,0,0,2.2,0.275,135.5,16.9375,25,3.0,2.17,BUDDY_NORMAL,NONE,FAMILY_SNOVER,50000,50,True,True,True
461,WEAVILE,WEAVILE_NORMAL,172,243,171,POKEMON_TYPE_DARK,POKEMON_TYPE_ICE,0,0,1.1,0.1375,34.0,4.25,25,3.0,1.01,BUDDY_NORMAL,NONE,FAMILY_SNEASEL,50000,50,True,True,True
462,MAGNEZONE,MAGNEZONE_NORMAL,172,238,205,POKEMON_TYPE_ELECTRIC,POKEMON_TYPE_STEEL,0,0,1.2,0.15,180.0,22.5,25,3.0,1.56,BUDDY_NORMAL,NONE,FAMILY_MAGNEMITE,50000,50,True,True,True
463,LICKILICKY,LICKILICKY_NORMAL,242,161,181,POKEMON_TYPE_NORMAL,POKEMON_TYPE_NONE,0,0,1.7,0.2125,140.0,17.5,25,3.0,1.7,BUDDY_NORMAL,NONE,FAMILY_LICKITUNG,50000,50,True,True,True
464,RHYPERIOR,RHYPERIOR_NORMAL,251,241,190,POKEMON_TYPE_GROUND,POKEMON_TYPE_ROCK,0,0,2.4,0.3,282.8,35.35,25,3.0,2.7,BUDDY_BIG,NONE,FAMILY_RHYHORN,50000,50,True,True,True
465,TANGROWTH,TANGROWTH_NORMAL,225,207,184,POKEMON_TYPE_GRASS,POKEMON_TYPE_NONE,0,0,2.0,0.25,128.6,16.075,25,3.0,2.05,BUDDY_BIG,NONE,FAMILY_TANGELA,50000,50,True,True,True
466,ELECTIVIRE,ELECTIVIRE_NORMAL,181,249,163,POKEMON_TYPE_ELECTRIC,POKEMON_TYPE_NONE,0,0,1.8,0.225,138.6,17.325,25,5.0,1.75,BUDDY_NORMAL,NONE,FAMILY_ELECTABUZZ,75000,75,True,True,True
467,MAGMORTAR,MAGMORTAR_NORMAL,181,247,172,POKEMON_TYPE_FIRE,POKEMON_TYPE_NONE,0,0,1.6,0.2,68.0,8.5,25,5.0,1.75,BUDDY_NORMAL,NONE,FAMILY_MAGMAR,75000,75,True,True,True
468,TOGEKISS,TOGEKISS_NORMAL,198,225,217,POKEMON_TYPE_FAIRY,POKEMON_TYPE_FLYING,0,0,1.5,0.1875,38.0,4.75,25,3.0,1.25,BUDDY_NORMAL,NONE,FAMILY_TOGEPI,50000,50,True,True,True
469,YANMEGA,YANMEGA_NORMAL,200,231,156,POKEMON_TYPE_BUG,POKEMON_TYPE_FLYING,0,0,1.9,0.2375,51.5,6.4375,25,3.0,1.8,BUDDY_NORMAL,NONE,FAMILY_YANMA,50000,50,True,True,True
470,LEAFEON,LEAFEON_NORMAL,163,216,219,POKEMON_TYPE_GRASS,POKEMON_TYPE_NONE,0,0,1.0,0.125,25.5,3.1875,25,5.0,0.91,BUDDY_NORMAL,NONE,FAMILY_EEVEE,75000,50,True,True,True
471,GLACEON,GLACEON_NORMAL,163,238,205,POKEMON_TYPE_ICE,POKEMON_TYPE_NONE,0,0,0.8,0.1,25.9,3.2375,25,5.0,0.8,BUDDY_NORMAL,NONE,FAMILY_EEVEE,75000,50,True,True,True
472,GLISCOR,GLISCOR_NORMAL,181,185,222,POKEMON_TYPE_GROUND,POKEMON_TYPE_FLYING,0,0,2.0,0.25,42.5,5.3125,25,5.0,1.57,BUDDY_NORMAL,NONE,FAMILY_GLIGAR,75000,75,True,True,True
473,MAMOSWINE,MAMOSWINE_NORMAL,242,247,146,POKEMON_TYPE_ICE,POKEMON_TYPE_GROUND,0,0,2.5,0.3125,291.0,36.375,25,3.0,3.82,BUDDY_BIG,NONE,FAMILY_SWINUB,50000,50,True,True,True
474,PORYGON_Z,PORYGON_Z_NORMAL,198,264,150,POKEMON_TYPE_NORMAL,POKEMON_TYPE_NONE,0,0,0.9,0.1125,34.0,4.25,25,3.0,0.9,BUDDY_NORMAL,NONE,FAMILY_PORYGON,50000,50,True,True,True
475,GALLADE,GALLADE_NORMAL,169,237,195,POKEMON_TYPE_PSYCHIC,POKEMON_TYPE_FIGHTING,0,0,1.6,0.2,52.0,6.5,25,5.0,1.8,BUDDY_NORMAL,NONE,FAMILY_RALTS,75000,75,True,True,True
476,PROBOPASS,PROBOPASS_NORMAL,155,135,275,POKEMON_TYPE_ROCK,POKEMON_TYPE_STEEL,0,0,1.4,0.175,340.0,42.5,25,3.0,1.4,BUDDY_NORMAL,NONE,FAMILY_NOSEPASS,50000,50,True,True,True
477,DUSKNOIR,DUSKNOIR_NORMAL,128,180,254,POKEMON_TYPE_GHOST,POKEMON_TYPE_NONE,0,0,2.2,0.275,106.6,13.325,25,3.0,2.2,BUDDY_BIG,NONE,FAMILY_DUSKULL,50000,50,True,True,True
478,FROSLASS,FROSLASS_NORMAL,172,171,150,POKEMON_TYPE_ICE,POKEMON_TYPE_GHOST,0,0,1.3,0.1625,26.6,3.325,25,3.0,1.37,BUDDY_NORMAL,NONE,FAMILY_SNORUNT,50000,50,True,True,True
479,ROTOM,ROTOM_FAN/ROTOM_FROST/ROTOM_HEAT/ROTOM_MOW/ROTOM_NORMAL/ROTOM_WASH,137,185,159,POKEMON_TYPE_ELECTRIC,POKEMON_TYPE_GHOST,0,0,0.3,0.0375,0.3,0.0375,25,5.0,0.27,BUDDY_NORMAL,NONE,FAMILY_ROTOM,75000,75,True,True,True
480,UXIE,UXIE_NORMAL,181,156,270,POKEMON_TYPE_PSYCHIC,POKEMON_TYPE_NONE,0,0,0.3,0.0375,0.3,0.0375,25,20.0,0.3,BUDDY_NORMAL,POKEMON_CLASS_LEGENDARY,FAMILY_UXIE,100000,100,True,False,True
481,MESPRIT,MESPRIT_NORMAL,190,212,212,POKEMON_TYPE_PSYCHIC,POKEMON_TYPE_NONE,0,0,0.3,0.0375,0.3,0.0375,25,20.0,0.3,BUDDY_NORMAL,POKEMON_CLASS_LEGENDARY,FAMILY_MESPRIT,100000,100,True,False,True
482,AZELF,AZELF_NORMAL,181,270,151,POKEMON_TYPE_PSYCHIC,POKEMON_TYPE_NONE,0,0,0.3,0.0375,0.3,0.0375,25,20.0,0.3,BUDDY_NORMAL,POKEMON_CLASS_LEGENDARY,FAMILY_AZELF,100000,100,True,False,True
483,DIALGA,DIALGA_NORMAL/DIALGA_ORIGIN,205,275,211,POKEMON_TYPE_STEEL,POKEMON_TYPE_DRAGON,0,0,5.4,0.675,683.0,85.375,25,20.0,5.6,BUDDY_BIG,POKEMON_CLASS_LEGENDARY,FAMILY_DIALGA,100000,100,True,False,True
484,PALKIA,PALKIA_NORMAL/PALKIA_ORIGIN,189,280,215,POKEMON_TYPE_WATER,POKEMON_TYPE_DRAGON,0,0,4.2,0.525,336.0,42.0,25,20.0,3.68,BUDDY_BIG,POKEMON_CLASS_LEGENDARY,FAMILY_PALKIA,100000,100,True,False,True
485,HEATRAN,HEATRAN_NORMAL,209,251,213,POKEMON_TYPE_FIRE,POKEMON_TYPE_STEEL,0,0,1.7,0.2125,430.0,53.75,25,20.0,2.36,BUDDY_BIG,POKEMON_CLASS_LEGENDARY,FAMILY_HEATRAN,100000,100,True,False,True
486,REGIGIGAS,REGIGIGAS_NORMAL,221,287,210,POKEMON_TYPE_NORMAL,POKEMON_TYPE_NONE,0,0,3.7,0.4625,420.0,52.5,25,20.0,3.24,BUDDY_BIG,POKEMON_CLASS_LEGENDARY,FAMILY_REGIGIGAS,100000,100,True,False,True
487,GIRATINA,GIRATINA_ALTERED/GIRATINA_ORIGIN,284,187,225,POKEMON_TYPE_GHOST,POKEMON_TYPE_DRAGON,0,0,4.5,0.5625,750.0,93.75,25,20.0,5.8,BUDDY_BIG,POKEMON_CLASS_LEGENDARY,FAMILY_GIRATINA,100000,100,True,False,True
488,CRESSELIA,CRESSELIA_NORMAL,260,152,258,POKEMON_TYPE_PSYCHIC,POKEMON_TYPE_NONE,0,0,1.5,0.1875,85.6,10.7,25,20.0,1.5,BUDDY_FLYING,POKEMON_CLASS_LEGENDARY,FAMILY_CRESSELIA,100000,100,True,False,True
489,PHIONE,PHIONE_NORMAL,190,162,162,POKEMON_TYPE_WATER,POKEMON_TYPE_NONE,0,0,0.4,0.05,3.1,0.3875,25,20.0,0.36,BUDDY_NORMAL,POKEMON_CLASS_MYTHIC,FAMILY_PHIONE,100000,100,False,False,False
490,MANAPHY,MANAPHY_NORMAL,225,210,210,POKEMON_TYPE_WATER,POKEMON_TYPE_NONE,0,0,0.3,0.0375,1.4,0.175,25,20.0,0.35,BUDDY_NORMAL,POKEMON_CLASS_MYTHIC,FAMILY_MANAPHY,100000,100,False,False,False
491,DARKRAI,DARKRAI_NORMAL,172,285,198,POKEMON_TYPE_DARK,POKEMON_TYPE_NONE,0,0,1.5,0.1875,50.5,6.3125,25,20.0,1.66,BUDDY_NORMAL,POKEMON_CLASS_MYTHIC,FAMILY_DARKRAI,100000,100,True,False,False
492,SHAYMIN,SHAYMIN_LAND/SHAYMIN_SKY,225,210,210,POKEMON_TYPE_GRASS,POKEMON_TYPE_NONE,0,0,0.2,0.025,2.1,0.2625,25,20.0,0.39,BUDDY_NORMAL,POKEMON_CLASS_MYTHIC,FAMILY_SHAYMIN,100000,100,False,False,False
493,ARCEUS,ARCEUS_BUG/ARCEUS_DARK/ARCEUS_DRAGON/ARCEUS_ELECTRIC/ARCEUS_FAIRY/ARCEUS_FIGHTING/ARCEUS_FIRE/ARCEUS_FLYING/ARCEUS_GHOST/ARCEUS_GRASS/ARCEUS_GROUND/ARCEUS_ICE/ARCEUS_NORMAL/ARCEUS_POISON/ARCEUS_PSYCHIC/ARCEUS_ROCK/ARCEUS_STEEL/ARCEUS_WATER,237,238,238,POKEMON_TYPE_NORMAL,POKEMON_TYPE_NONE,0,0,3.2,0.4,320.0,40.0,25,20.0,3.3,BUDDY_BIG,POKEMON_CLASS_MYTHIC,FAMILY_ARCEUS,100000,100,False,False,False
494,VICTINI,VICTINI_NORMAL,225,210,210,POKEMON_TYPE_PSYCHIC,POKEMON_TYPE_FIRE,0,0,0.4,0.05,4.0,0.5,0,20.0,0.5,BUDDY_NORMAL,POKEMON_CLASS_MYTHIC,FAMILY_VICTINI,100000,100,False,False,False
495,SNIVY,SNIVY_NORMAL,128,88,107,POKEMON_TYPE_GRASS,POKEMON_TYPE_NONE,0,0,0.6,0.075,8.1,1.0125,25,3.0,0.6,BUDDY_NORMAL,NONE,FAMILY_SNIVY,10000,25,True,True,True
496,SERVINE,SERVINE_NORMAL,155,122,152,POKEMON_TYPE_GRASS,POKEMON_TYPE_NONE,0,0,0.8,0.1,16.0,2.0,25,3.0,0.74,BUDDY_NORMAL,NONE,FAMILY_SNIVY,10000,25,True,True,True
497,SERPERIOR,SERPERIOR_NORMAL,181,161,204,POKEMON_TYPE_GRASS,POKEMON_TYPE_NONE,0,0,3.3,0.4125,63.0,7.875,25,3.0,1.05,BUDDY_BIG,NONE,FAMILY_SNIVY,10000,25,True,True,True
498,TEPIG,TEPIG_NORMAL,163,115,85,POKEMON_TYPE_FIRE,POKEMON_TYPE_NONE,0,0,0.5,0.0625,9.9,1.2375,25,3.0,0.54,BUDDY_NORMAL,NONE,FAMILY_TEPIG,10000,25,True,True,True
499,PIGNITE,PIGNITE_NORMAL,207,173,106,POKEMON_TYPE_FIRE,POKEMON_TYPE_FIGHTING,0,0,1.0,0.125,55.5,6.9375,25,3.0,0.93,BUDDY_NORMAL,NONE,FAMILY_TEPIG,10000,25,True,True,True
500,EMBOAR,EMBOAR_NORMAL,242,235,127,POKEMON_TYPE_FIRE,POKEMON_TYPE_FIGHTING,0,0,1.6,0.2,150.0,18.75,25,3.0,1.6,BUDDY_BIG,NONE,FAMILY_TEPIG,10000,25,True,True,True
501,OSHAWOTT,OSHAWOTT_NORMAL,146,117,85,POKEMON_TYPE_WATER,POKEMON_TYPE_NONE,0,0,0.5,0.0625,5.9,0.7375,25,3.0,0.5,BUDDY_NORMAL,NONE,FAMILY_OSHAWOTT,10000,25,True,True,True
502,DEWOTT,DEWOTT_NORMAL,181,159,116,POKEMON_TYPE_WATER,POKEMON_TYPE_NONE,0,0,0.8,0.1,24.5,3.0625,25,3.0,0.8,BUDDY_NORMAL,NONE,FAMILY_OSHAWOTT,10000,25,True,True,True
503,SAMUROTT,SAMUROTT_HISUIAN/SAMUROTT_NORMAL,216,212,157,POKEMON_TYPE_WATER,POKEMON_TYPE_NONE,0,0,1.5,0.1875,94.6,11.825,25,3.0,1.2,BUDDY_NORMAL,NONE,FAMILY_OSHAWOTT,10000,25,True,True,True
504,PATRAT,PATRAT_NORMAL,128,98,73,POKEMON_TYPE_NORMAL,POKEMON_TYPE_NONE,0,0,0.5,0.0625,11.6,1.45,25,1.0,0.5,BUDDY_NORMAL,NONE,FAMILY_PATRAT,10000,25,True,True,True
505,WATCHOG,WATCHOG_NORMAL,155,165,139,POKEMON_TYPE_NORMAL,POKEMON_TYPE_NONE,0,0,1.1,0.1375,27.0,3.375,25,1.0,1.05,BUDDY_NORMAL,NONE,FAMILY_PATRAT,10000,25,True,True,True
506,LILLIPUP,LILLIPUP_NORMAL,128,107,86,POKEMON_TYPE_NORMAL,POKEMON_TYPE_NONE,0,0,0.4,0.05,4.1,0.5125,25,1.0,0.4,BUDDY_NORMAL,NONE,FAMILY_LILLIPUP,10000,25,True,True,True
507,HERDIER,HERDIER_NORMAL,163,145,126,POKEMON_TYPE_NORMAL,POKEMON_TYPE_NONE,0,0,0.9,0.1125,14.7,1.8375,25,1.0,0.9,BUDDY_NORMAL,NONE,FAMILY_LILLIPUP,10000,25,True,True,True
508,STOUTLAND,STOUTLAND_NORMAL,198,206,182,POKEMON_TYPE_NORMAL,POKEMON_TYPE_NONE,0,0,1.2,0.15,61.0,7.625,25,1.0,1.2,BUDDY_NORMAL,NONE,FAMILY_LILLIPUP,10000,25,True,True,True
509,PURRLOIN,PURRLOIN_NORMAL,121,98,73,POKEMON_TYPE_DARK,POKEMON_TYPE_NONE,0,0,0.4,0.05,10.1,1.2625,25,1.0,0.4,BUDDY_NORMAL,NONE,FAMILY_PURRLOIN,10000,25,True,True,True
510,LIEPARD,LIEPARD_NORMAL,162,187,106,POKEMON_TYPE_DARK,POKEMON_TYPE_NONE,0,0,1.1,0.1375,37.5,4.6875,25,1.0,1.12,BUDDY_NORMAL,NONE,FAMILY_PURRLOIN,10000,25,True,True,True
511,PANSAGE,PANSAGE_NORMAL,137,104,94,POKEMON_TYPE_GRASS,POKEMON_TYPE_NONE,0,0,0.6,0.075,10.5,1.3125,25,3.0,0.6,BUDDY_NORMAL,NONE,FAMILY_PANSAGE,50000,50,True,True,True
512,SIMISAGE,SIMISAGE_NORMAL,181,206,133,POKEMON_TYPE_GRASS,POKEMON_TYPE_NONE,0,0,1.1,0.1375,30.5,3.8125,25,3.0,1.43,BUDDY_NORMAL,NONE,FAMILY_PANSAGE,50000,50,True,True,True
513,PANSEAR,PANSEAR_NORMAL,137,104,94,POKEMON_TYPE_FIRE,POKEMON_TYPE_NONE,0,0,0.6,0.075,11.0,1.375,25,3.0,0.6,BUDDY_NORMAL,NONE,FAMILY_PANSEAR,50000,50,True,True,True
514,SIMISEAR,SIMISEAR_NORMAL,181,206,133,POKEMON_TYPE_FIRE,POKEMON_TYPE_NONE,0,0,1.0,0.125,28.0,3.5,25,3.0,1.17,BUDDY_NORMAL,NONE,FAMILY_PANSEAR,50000,50,True,True,True
515,PANPOUR,PANPOUR_NORMAL,137,104,94,POKEMON_TYPE_WATER,POKEMON_TYPE_NONE,0,0,0.6,0.075,13.5,1.6875,25,3.0,0.6,BUDDY_NORMAL,NONE,FAMILY_PANPOUR,50000,50,True,True,True
516,SIMIPOUR,SIMIPOUR_NORMAL,181,206,133,POKEMON_TYPE_WATER,POKEMON_TYPE_NONE,0,0,1.0,0.125,29.0,3.625,25,3.0,1.15,BUDDY_NORMAL,NONE,FAMILY_PANPOUR,50000,50,True,True,True
517,MUNNA,MUNNA_NORMAL,183,111,92,POKEMON_TYPE_PSYCHIC,POKEMON_TYPE_NONE,0,0,0.6,0.075,23.3,2.9125,25,3.0,0.6,BUDDY_FLYING,NONE,FAMILY_MUNNA,50000,50,True,True,True
518,MUSHARNA,MUSHARNA_NORMAL,253,183,166,POKEMON_TYPE_PSYCHIC,POKEMON_TYPE_NONE,0,0,1.1,0.1375,60.5,7.5625,25,3.0,1.05,BUDDY_FLYING,NONE,FAMILY_MUNNA,50000,50,True,True,True
519,PIDOVE,PIDOVE_NORMAL,137,98,80,POKEMON_TYPE_NORMAL,POKEMON_TYPE_FLYING,0,0,0.3,0.0375,2.1,0.2625,25,1.0,0.29,BUDDY_NORMAL,NONE,FAMILY_PIDOVE,10000,25,True,True,True
520,TRANQUILL,TRANQUILL_NORMAL,158,144,107,POKEMON_TYPE_NORMAL,POKEMON_TYPE_FLYING,0,0,0.6,0.075,15.0,1.875,25,1.0,0.84,BUDDY_FLYING,NONE,FAMILY_PIDOVE,10000,25,True,True,True
521,UNFEZANT,UNFEZANT_NORMAL,190,226,146,POKEMON_TYPE_NORMAL,POKEMON_TYPE_FLYING,0,0,1.2,0.15,29.0,3.625,25,1.0,1.1,BUDDY_FLYING,NONE,FAMILY_PIDOVE,10000,25,True,True,True
522,BLITZLE,BLITZLE_NORMAL,128,118,64,POKEMON_TYPE_ELECTRIC,POKEMON_TYPE_NONE,0,0,0.8,0.1,29.8,3.725,25,3.0,0.85,BUDDY_NORMAL,NONE,FAMILY_BLITZLE,50000,50,True,True,True
523,ZEBSTRIKA,ZEBSTRIKA_NORMAL,181,211,136,POKEMON_TYPE_ELECTRIC,POKEMON_TYPE_NONE,0,0,1.6,0.2,79.5,9.9375,25,3.0,1.78,BUDDY_BIG,NONE,FAMILY_BLITZLE,50000,50,True,True,True
524,ROGGENROLA,ROGGENROLA_NORMAL,146,121,110,POKEMON_TYPE_ROCK,POKEMON_TYPE_NONE,0,0,0.4,0.05,18.0,2.25,25,3.0,0.4,BUDDY_NORMAL,NONE,FAMILY_ROGGENROLA,50000,50,True,True,True
525,BOLDORE,BOLDORE_NORMAL,172,174,143,POKEMON_TYPE_ROCK,POKEMON_TYPE_NONE,0,0,0.9,0.1125,102.0,12.75,25,3.0,0.83,BUDDY_NORMAL,NONE,FAMILY_ROGGENROLA,50000,50,True,True,True
526,GIGALITH,GIGALITH_NORMAL,198,226,201,POKEMON_TYPE_ROCK,POKEMON_TYPE_NONE,0,0,1.7,0.2125,260.0,32.5,25,3.0,1.7,BUDDY_BIG,NONE,FAMILY_ROGGENROLA,50000,50,True,True,True
527,WOOBAT,WOOBAT_NORMAL,163,107,85,POKEMON_TYPE_PSYCHIC,POKEMON_TYPE_FLYING,0,0,0.4,0.05,2.1,0.2625,25,1.0,0.43,BUDDY_NORMAL,NONE,FAMILY_WOOBAT,10000,25,True,True,True
528,SWOOBAT,SWOOBAT_NORMAL,167,161,119,POKEMON_TYPE_PSYCHIC,POKEMON_TYPE_FLYING,0,0,0.9,0.1125,10.5,1.3125,25,1.0,0.9,BUDDY_NORMAL,NONE,FAMILY_WOOBAT,10000,25,True,True,True
529,DRILBUR,DRILBUR_NORMAL,155,154,85,POKEMON_TYPE_GROUND,POKEMON_TYPE_NONE,0,0,0.3,0.0375,8.5,1.0625,25,3.0,0.3,BUDDY_NORMAL,NONE,FAMILY_DRILBUR,50000,50,True,True,True
530,EXCADRILL,EXCADRILL_NORMAL,242,255,129,POKEMON_TYPE_GROUND,POKEMON_TYPE_STEEL,0,0,0.7,0.0875,40.4,5.05,25,3.0,0.67,BUDDY_NORMAL,NONE,FAMILY_DRILBUR,50000,50,True,True,True
531,AUDINO,AUDINO_NORMAL,230,114,163,POKEMON_TYPE_NORMAL,POKEMON_TYPE_NONE,0,0,1.1,0.1375,31.0,3.875,25,3.0,1.1,BUDDY_NORMAL,NONE,FAMILY_AUDINO,50000,50,True,True,True
532,TIMBURR,TIMBURR_NORMAL,181,134,87,POKEMON_TYPE_FIGHTING,POKEMON_TYPE_NONE,0,0,0.6,0.075,12.5,1.5625,25,5.0,0.92,BUDDY_NORMAL,NONE,FAMILY_TIMBURR,75000,75,True,True,True
533,GURDURR,GURDURR_NORMAL,198,180,134,POKEMON_TYPE_FIGHTING,POKEMON_TYPE_NONE,0,0,1.2,0.15,40.0,5.0,25,5.0,2.05,BUDDY_NORMAL,NONE,FAMILY_TIMBURR,75000,75,True,True,True
534,CONKELDURR,CONKELDURR_NORMAL,233,243,158,POKEMON_TYPE_FIGHTING,POKEMON_TYPE_NONE,0,0,1.4,0.175,87.0,10.875,25,5.0,2.2,BUDDY_NORMAL,NONE,FAMILY_TIMBURR,75000,75,True,True,True
535,TYMPOLE,TYMPOLE_NORMAL,137,98,78,POKEMON_TYPE_WATER,POKEMON_TYPE_NONE,0,0,0.5,0.0625,4.5,0.5625,25,3.0,0.5,BUDDY_NORMAL,NONE,FAMILY_TYMPOLE,50000,50,True,True,True
536,PALPITOAD,PALPITOAD_NORMAL,181,128,109,POKEMON_TYPE_WATER,POKEMON_TYPE_GROUND,0,0,0.8,0.1,17.0,2.125,25,3.0,0.82,BUDDY_NORMAL,NONE,FAMILY_TYMPOLE,50000,50,True,True,True
537,SEISMITOAD,SEISMITOAD_NORMAL,233,188,150,POKEMON_TYPE_WATER,POKEMON_TYPE_GROUND,0,0,1.5,0.1875,62.0,7.75,25,3.0,1.37,BUDDY_NORMAL,NONE,FAMILY_TYMPOLE,50000,50,True,True,True
538,THROH,THROH_NORMAL,260,172,160,POKEMON_TYPE_FIGHTING,POKEMON_TYPE_NONE,0,0,1.3,0.1625,55.5,6.9375,25,5.0,1.25,BUDDY_NORMAL,NONE,FAMILY_THROH,75000,75,True,True,True
539,SAWK,SAWK_NORMAL,181,231,153,POKEMON_TYPE_FIGHTING,POKEMON_TYPE_NONE,0,0,1.4,0.175,51.0,6.375,25,5.0,1.3,BUDDY_NORMAL,NONE,FAMILY_SAWK,75000,75,True,True,True
540,SEWADDLE,SEWADDLE_NORMAL,128,96,124,POKEMON_TYPE_BUG,POKEMON_TYPE_GRASS,0,0,0.3,0.0375,2.5,0.3125,25,1.0,0.3,BUDDY_NORMAL,NONE,FAMILY_SEWADDLE,10000,25,True,True,True
541,SWADLOON,SWADLOON_NORMAL,146,115,162,POKEMON_TYPE_BUG,POKEMON_TYPE_GRASS,0,0,0.5,0.0625,7.3,0.9125,25,1.0,0.5,BUDDY_NORMAL,NONE,FAMILY_SEWADDLE,10000,25,True,True,True
542,LEAVANNY,LEAVANNY_NORMAL,181,205,165,POKEMON_TYPE_BUG,POKEMON_TYPE_GRASS,0,0,1.2,0.15,20.5,2.5625,25,1.0,1.12,BUDDY_NORMAL,NONE,FAMILY_SEWADDLE,10000,25,True,True,True
543,VENIPEDE,VENIPEDE_NORMAL,102,83,99,POKEMON_TYPE_BUG,POKEMON_TYPE_POISON,0,0,0.4,0.05,5.3,0.6625,25,1.0,0.65,BUDDY_NORMAL,NONE,FAMILY_VENIPEDE,10000,25,True,True,True
544,WHIRLIPEDE,WHIRLIPEDE_NORMAL,120,100,173,POKEMON_TYPE_BUG,POKEMON_TYPE_POISON,0,0,1.2,0.15,58.5,7.3125,25,1.0,2.04,BUDDY_NORMAL,NONE,FAMILY_VENIPEDE,10000,25,True,True,True
545,SCOLIPEDE,SCOLIPEDE_NORMAL,155,203,175,POKEMON_TYPE_BUG,POKEMON_TYPE_POISON,0,0,2.5,0.3125,200.5,25.0625,25,1.0,3.01,BUDDY_NORMAL,NONE,FAMILY_VENIPEDE,10000,25,True,True,True
546,COTTONEE,COTTONEE_NORMAL,120,71,111,POKEMON_TYPE_GRASS,POKEMON_TYPE_FAIRY,0,0,0.3,0.0375,0.6,0.075,25,1.0,0.29,BUDDY_NORMAL,NONE,FAMILY_COTTONEE,10000,25,True,True,True
547,WHIMSICOTT,WHIMSICOTT_NORMAL,155,164,176,POKEMON_TYPE_GRASS,POKEMON_TYPE_FAIRY,0,0,0.7,0.0875,6.6,0.825,25,1.0,0.7,BUDDY_NORMAL,NONE,FAMILY_COTTONEE,10000,25,True,True,True
548,PETILIL,PETILIL_NORMAL,128,119,91,POKEMON_TYPE_GRASS,POKEMON_TYPE_NONE,0,0,0.5,0.0625,6.6,0.825,25,1.0,0.5,BUDDY_NORMAL,NONE,FAMILY_PETILIL,10000,25,True,True,True
549,LILLIGANT,LILLIGANT_HISUIAN/LILLIGANT_NORMAL,172,214,155,POKEMON_TYPE_GRASS,POKEMON_TYPE_NONE,0,0,1.1,0.1375,16.3,2.0375,25,1.0,1.1,BUDDY_NORMAL,NONE,FAMILY_PETILIL,10000,25,True,True,True
550,BASCULIN,BASCULIN_BLUE_STRIPED/BASCULIN_RED_STRIPED/BASCULIN_WHITE_STRIPED,172,189,129,POKEMON_TYPE_WATER,POKEMON_TYPE_NONE,0,0,1.0,0.125,18.0,2.25,25,1.0,1.37,BUDDY_NORMAL,NONE,FAMILY_BASCULIN,10000,25,True,True,True
551,SANDILE,SANDILE_NORMAL,137,132,69,POKEMON_TYPE_GROUND,POKEMON_TYPE_DARK,0,0,0.7,0.0875,15.2,1.9,25,5.0,0.7,BUDDY_NORMAL,NONE,FAMILY_SANDILE,75000,75,True,True,True
552,KROKOROK,KROKOROK_NORMAL,155,155,90,POKEMON_TYPE_GROUND,POKEMON_TYPE_DARK,0,0,1.0,0.125,33.4,4.175,25,5.0,0.93,BUDDY_NORMAL,NONE,FAMILY_SANDILE,75000,75,True,True,True
553,KROOKODILE,KROOKODILE_NORMAL,216,229,158,POKEMON_TYPE_GROUND,POKEMON_TYPE_DARK,0,0,1.5,0.1875,96.3,12.0375,25,5.0,1.5,BUDDY_NORMAL,NONE,FAMILY_SANDILE,75000,75,True,True,True
554,DARUMAKA,DARUMAKA_GALARIAN/DARUMAKA_NORMAL,172,153,86,POKEMON_TYPE_FIRE,POKEMON_TYPE_NONE,0,0,0.6,0.075,37.5,4.6875,25,3.0,0.75,BUDDY_NORMAL,NONE,FAMILY_DARUMAKA,50000,50,True,True,True
555,DARMANITAN,DARMANITAN_GALARIAN_STANDARD/DARMANITAN_GALARIAN_ZEN/DARMANITAN_STANDARD/DARMANITAN_ZEN,233,263,114,POKEMON_TYPE_FIRE,POKEMON_TYPE_NONE,0,0,1.3,0.1625,92.9,11.6125,25,3.0,1.79,BUDDY_BIG,NONE,FAMILY_DARUMAKA,50000,50,True,True,True
556,MARACTUS,MARACTUS_NORMAL,181,201,130,POKEMON_TYPE_GRASS,POKEMON_TYPE_NONE,0,0,1.0,0.125,28.0,3.5,25,1.0,1.0,BUDDY_NORMAL,NONE,FAMILY_MARACTUS,10000,25,True,True,True
557,DWEBBLE,DWEBBLE_NORMAL,137,118,128,POKEMON_TYPE_BUG,POKEMON_TYPE_ROCK,0,0,0.3,0.0375,14.5,1.8125,25,1.0,0.3,BUDDY_NORMAL,NONE,FAMILY_DWEBBLE,10000,25,True,True,True
558,CRUSTLE,CRUSTLE_NORMAL,172,188,200,POKEMON_TYPE_BUG,POKEMON_TYPE_ROCK,0,0,1.4,0.175,200.0,25.0,25,1.0,2.07,BUDDY_NORMAL,NONE,FAMILY_DWEBBLE,10000,25,True,True,True
559,SCRAGGY,SCRAGGY_NORMAL,137,132,132,POKEMON_TYPE_DARK,POKEMON_TYPE_FIGHTING,0,0,0.6,0.075,11.8,1.475,25,3.0,0.6,BUDDY_NORMAL,NONE,FAMILY_SCRAGGY,50000,50,True,True,True
560,SCRAFTY,SCRAFTY_NORMAL,163,163,222,POKEMON_TYPE_DARK,POKEMON_TYPE_FIGHTING,0,0,1.1,0.1375,30.0,3.75,25,3.0,1.1,BUDDY_NORMAL,NONE,FAMILY_SCRAGGY,50000,50,True,True,True
561,SIGILYPH,SIGILYPH_NORMAL,176,204,167,POKEMON_TYPE_PSYCHIC,POKEMON_TYPE_FLYING,0,0,1.4,0.175,14.0,1.75,25,5.0,1.89,BUDDY_FLYING,NONE,FAMILY_SIGILYPH,75000,75,True,True,True
562,YAMASK,YAMASK_GALARIAN/YAMASK_NORMAL,116,95,141,POKEMON_TYPE_GHOST,POKEMON_TYPE_NONE,0,0,0.5,0.0625,1.5,0.1875,25,3.0,0.45,BUDDY_NORMAL,NONE,FAMILY_YAMASK,50000,50,True,True,True
563,COFAGRIGUS,COFAGRIGUS_NORMAL,151,163,237,POKEMON_TYPE_GHOST,POKEMON_TYPE_NONE,0,0,1.7,0.2125,76.5,9.5625,25,3.0,1.7,BUDDY_BIG,NONE,FAMILY_YAMASK,50000,50,True,True,True
564,TIRTOUGA,TIRTOUGA_NORMAL,144,134,146,POKEMON_TYPE_WATER,POKEMON_TYPE_ROCK,0,0,0.7,0.0875,16.5,2.0625,25,5.0,0.62,BUDDY_NORMAL,NONE,FAMILY_TIRTOUGA,75000,75,True,True,True
565,CARRACOSTA,CARRACOSTA_NORMAL,179,192,197,POKEMON_TYPE_WATER,POKEMON_TYPE_ROCK,0,0,1.2,0.15,81.0,10.125,25,5.0,1.15,BUDDY_NORMAL,NONE,FAMILY_TIRTOUGA,75000,75,True,True,True
566,ARCHEN,ARCHEN_NORMAL,146,213,89,POKEMON_TYPE_ROCK,POKEMON_TYPE_FLYING,0,0,0.5,0.0625,9.5,1.1875,25,5.0,0.5,BUDDY_NORMAL,NONE,FAMILY_ARCHEN,75000,75,True,True,True
567,ARCHEOPS,ARCHEOPS_NORMAL,181,292,139,POKEMON_TYPE_ROCK,POKEMON_TYPE_FLYING,0,0,1.4,0.175,32.0,4.0,25,5.0,3.49,BUDDY_FLYING,NONE,FAMILY_ARCHEN,75000,75,True,True,True
568,TRUBBISH,TRUBBISH_NORMAL,137,96,122,POKEMON_TYPE_POISON,POKEMON_TYPE_NONE,0,0,0.6,0.075,31.0,3.875,25,3.0,0.93,BUDDY_NORMAL,NONE,FAMILY_TRUBBISH,50000,50,True,True,True
569,GARBODOR,GARBODOR_NORMAL,190,181,164,POKEMON_TYPE_POISON,POKEMON_TYPE_NONE,0,0,1.9,0.2375,107.3,13.4125,25,3.0,2.4,BUDDY_NORMAL,NONE,FAMILY_TRUBBISH,50000,50,True,True,True
570,ZORUA,ZORUA_HISUIAN/ZORUA_NORMAL,120,153,78,POKEMON_TYPE_DARK,POKEMON_TYPE_NONE,0,0,0.7,0.0875,12.5,1.5625,25,5.0,0.7,BUDDY_NORMAL,NONE,FAMILY_ZORUA,75000,75,True,True,True
571,ZOROARK,ZOROARK_HISUIAN/ZOROARK_NORMAL,155,250,127,POKEMON_TYPE_DARK,POKEMON_TYPE_NONE,0,0,1.6,0.2,81.1,10.1375,25,5.0,1.57,BUDDY_NORMAL,NONE,FAMILY_ZORUA,75000,75,True,True,True
572,MINCCINO,MINCCINO_NORMAL,146,98,80,POKEMON_TYPE_NORMAL,POKEMON_TYPE_NONE,0,0,0.4,0.05,5.8,0.725,25,3.0,0.4,BUDDY_NORMAL,NONE,FAMILY_MINCCINO,50000,50,True,True,True
573,CINCCINO,CINCCINO_NORMAL,181,198,130,POKEMON_TYPE_NORMAL,POKEMON_TYPE_NONE,0,0,0.5,0.0625,7.5,0.9375,25,3.0,0.5,BUDDY_NORMAL,NONE,FAMILY_MINCCINO,50000,50,True,True,True
574,GOTHITA,GOTHITA_NORMAL,128,98,112,POKEMON_TYPE_PSYCHIC,POKEMON_TYPE_NONE,0,0,0.4,0.05,5.8,0.725,25,3.0,0.44,BUDDY_NORMAL,NONE,FAMILY_GOTHITA,50000,50,True,True,True
575,GOTHORITA,GOTHORITA_NORMAL,155,137,153,POKEMON_TYPE_PSYCHIC,POKEMON_TYPE_NONE,0,0,0.7,0.0875,18.0,2.25,25,3.0,0.7,BUDDY_NORMAL,NONE,FAMILY_GOTHITA,50000,50,True,True,True
576,GOTHITELLE,GOTHITELLE_NORMAL,172,176,205,POKEMON_TYPE_PSYCHIC,POKEMON_TYPE_NONE,0,0,1.5,0.1875,44.0,5.5,25,3.0,1.5,BUDDY_NORMAL,NONE,FAMILY_GOTHITA,50000,50,True,True,True
577,SOLOSIS,SOLOSIS_NORMAL,128,170,83,POKEMON_TYPE_PSYCHIC,POKEMON_TYPE_NONE,0,0,0.3,0.0375,1.0,0.125,25,3.0,0.38,BUDDY_NORMAL,NONE,FAMILY_SOLOSIS,50000,50,True,True,True
578,DUOSION,DUOSION_NORMAL,163,208,103,POKEMON_TYPE_PSYCHIC,POKEMON_TYPE_NONE,0,0,0.6,0.075,8.0,1.0,25,3.0,0.6,BUDDY_NORMAL,NONE,FAMILY_SOLOSIS,50000,50,True,True,True
579,REUNICLUS,REUNICLUS_NORMAL,242,214,148,POKEMON_TYPE_PSYCHIC,POKEMON_TYPE_NONE,0,0,1.0,0.125,20.1,2.5125,25,3.0,1.0,BUDDY_BIG,NONE,FAMILY_SOLOSIS,50000,50,True,True,True
580,DUCKLETT,DUCKLETT_NORMAL,158,84,96,POKEMON_TYPE_WATER,POKEMON_TYPE_FLYING,0,0,0.5,0.0625,5.5,0.6875,25,3.0,0.5,BUDDY_NORMAL,NONE,FAMILY_DUCKLETT,50000,50,True,True,True
581,SWANNA,SWANNA_NORMAL,181,182,132,POKEMON_TYPE_WATER,POKEMON_TYPE_FLYING,0,0,1.3,0.1625,24.2,3.025,25,3.0,1.66,BUDDY_FLYING,NONE,FAMILY_DUCKLETT,50000,50,True,True,True
582,VANILLITE,VANILLITE_NORMAL,113,118,106,POKEMON_TYPE_ICE,POKEMON_TYPE_NONE,0,0,0.4,0.05,5.7,0.7125,25,3.0,0.44,BUDDY_NORMAL,NONE,FAMILY_VANILLITE,50000,50,True,True,True
583,VANILLISH,VANILLISH_NORMAL,139,151,138,POKEMON_TYPE_ICE,POKEMON_TYPE_NONE,0,0,1.1,0.1375,41.0,5.125,25,3.0,1.1,BUDDY_NORMAL,NONE,FAMILY_VANILLITE,50000,50,True,True,True
584,VANILLUXE,VANILLUXE_NORMAL,174,218,184,POKEMON_TYPE_ICE,POKEMON_TYPE_NONE,0,0,1.3,0.1625,57.5,7.1875,25,3.0,1.22,BUDDY_NORMAL,NONE,FAMILY_VANILLITE,50000,50,True,True,True
585,DEERLING,DEERLING_AUTUMN/DEERLING_SPRING/DEERLING_SUMMER/DEERLING_WINTER,155,115,100,POKEMON_TYPE_NORMAL,POKEMON_TYPE_GRASS,0,0,0.6,0.075,19.5,2.4375,25,3.0,0.6,BUDDY_NORMAL,NONE,FAMILY_DEERLING,50000,50,True,True,True
586,SAWSBUCK,SAWSBUCK_AUTUMN/SAWSBUCK_SPRING/SAWSBUCK_SUMMER/SAWSBUCK_WINTER,190,198,146,POKEMON_TYPE_NORMAL,POKEMON_TYPE_GRASS,0,0,1.9,0.2375,92.5,11.5625,25,3.0,2.0,BUDDY_BIG,NONE,FAMILY_DEERLING,50000,50,True,True,True
587,EMOLGA,EMOLGA_NORMAL,146,158,127,POKEMON_TYPE_ELECTRIC,POKEMON_TYPE_FLYING,0,0,0.4,0.05,5.0,0.625,25,1.0,0.6,BUDDY_NORMAL,NONE,FAMILY_EMOLGA,10000,25,True,True,True
588,KARRABLAST,KARRABLAST_NORMAL,137,137,87,POKEMON_TYPE_BUG,POKEMON_TYPE_NONE,0,0,0.5,0.0625,5.9,0.7375,25,3.0,0.61,BUDDY_NORMAL,NONE,FAMILY_KARRABLAST,50000,50,True,True,True
589,ESCAVALIER,ESCAVALIER_NORMAL,172,223,187,POKEMON_TYPE_BUG,POKEMON_TYPE_STEEL,0,0,1.0,0.125,33.0,4.125,25,3.0,1.0,BUDDY_NORMAL,NONE,FAMILY_KARRABLAST,50000,50,True,True,True
590,FOONGUS,FOONGUS_NORMAL,170,97,91,POKEMON_TYPE_GRASS,POKEMON_TYPE_POISON,0,0,0.2,0.025,1.0,0.125,25,3.0,0.2,BUDDY_NORMAL,NONE,FAMILY_FOONGUS,50000,50,True,True,True
591,AMOONGUSS,AMOONGUSS_NORMAL,249,155,139,POKEMON_TYPE_GRASS,POKEMON_TYPE_POISON,0,0,0.6,0.075,10.5,1.3125,25,3.0,0.6,BUDDY_NORMAL,NONE,FAMILY_FOONGUS,50000,50,True,True,True
592,FRILLISH,FRILLISH_FEMALE/FRILLISH_NORMAL,146,115,134,POKEMON_TYPE_WATER,POKEMON_TYPE_GHOST,0,0,1.2,0.15,33.0,4.125,25,3.0,1.2,BUDDY_NORMAL,NONE,FAMILY_FRILLISH,50000,50,True,True,True
593,JELLICENT,JELLICENT_FEMALE/JELLICENT_NORMAL,225,159,178,POKEMON_TYPE_WATER,POKEMON_TYPE_GHOST,0,0,2.2,0.275,135.0,16.875,25,3.0,2.13,BUDDY_BIG,NONE,FAMILY_FRILLISH,50000,50,True,True,True
594,ALOMOMOLA,ALOMOMOLA_NORMAL,338,138,131,POKEMON_TYPE_WATER,POKEMON_TYPE_NONE,0,0,1.2,0.15,31.6,3.95,25,5.0,1.2,BUDDY_NORMAL,NONE,FAMILY_ALOMOMOLA,75000,75,True,True,True
595,JOLTIK,JOLTIK_NORMAL,137,110,98,POKEMON_TYPE_BUG,POKEMON_TYPE_ELECTRIC,0,0,0.1,0.0125,0.6,0.075,25,3.0,0.21,BUDDY_NORMAL,NONE,FAMILY_JOLTIK,50000,50,True,True,True
596,GALVANTULA,GALVANTULA_NORMAL,172,201,128,POKEMON_TYPE_BUG,POKEMON_TYPE_ELECTRIC,0,0,0.8,0.1,14.3,1.7875,25,3.0,1.5,BUDDY_NORMAL,NONE,FAMILY_JOLTIK,50000,50,True,True,True
597,FERROSEED,FERROSEED_NORMAL,127,82,155,POKEMON_TYPE_GRASS,POKEMON_TYPE_STEEL,0,0,0.6,0.075,18.8,2.35,25,3.0,0.6,BUDDY_NORMAL,NONE,FAMILY_FERROSEED,75000,75,True,True,True
598,FERROTHORN,FERROTHORN_NORMAL,179,158,223,POKEMON_TYPE_GRASS,POKEMON_TYPE_STEEL,0,0,1.0,0.125,110.0,13.75,25,3.0,3.0,BUDDY_BIG,NONE,FAMILY_FERROSEED,75000,75,True,True,True
599,KLINK,KLINK_NORMAL,120,98,121,POKEMON_TYPE_STEEL,POKEMON_TYPE_NONE,0,0,0.3,0.0375,21.0,2.625,25,5.0,0.45,BUDDY_NORMAL,NONE,FAMILY_KLINK,75000,75,True,True,True
600,KLANG,KLANG_NORMAL,155,150,174,POKEMON_TYPE_STEEL,POKEMON_TYPE_NONE,0,0,0.6,0.075,51.0,6.375,25,5.0,0.55,BUDDY_NORMAL,NONE,FAMILY_KLINK,75000,75,True,True,True
601,KLINKLANG,KLINKLANG_NORMAL,155,199,214,POKEMON_TYPE_STEEL,POKEMON_TYPE_NONE,0,0,0.6,0.075,81.0,10.125,25,5.0,0.6,BUDDY_NORMAL,NONE,FAMILY_KLINK,75000,75,True,True,True
602,TYNAMO,TYNAMO_NORMAL,111,105,78,POKEMON_TYPE_ELECTRIC,POKEMON_TYPE_NONE,0,0,0.2,0.025,0.3,0.0375,25,1.0,0.32,BUDDY_NORMAL,NONE,FAMILY_TYNAMO,10000,25,True,True,True
603,EELEKTRIK,EELEKTRIK_NORMAL,163,156,130,POKEMON_TYPE_ELECTRIC,POKEMON_TYPE_NONE,0,0,1.2,0.15,22.0,2.75,25,1.0,0.6,BUDDY_NORMAL,NONE,FAMILY_TYNAMO,10000,25,True,True,True
604,EELEKTROSS,EELEKTROSS_NORMAL,198,217,152,POKEMON_TYPE_ELECTRIC,POKEMON_TYPE_NONE,0,0,2.1,0.2625,80.5,10.0625,25,1.0,2.01,BUDDY_NORMAL,NONE,FAMILY_TYNAMO,10000,25,True,True,True
605,ELGYEM,ELGYEM_NORMAL,146,148,100,POKEMON_TYPE_PSYCHIC,POKEMON_TYPE_NONE,0,0,0.5,0.0625,9.0,1.125,25,3.0,0.5,BUDDY_NORMAL,NONE,FAMILY_ELGYEM,50000,50,True,True,True
606,BEHEEYEM,BEHEEYEM_NORMAL,181,221,163,POKEMON_TYPE_PSYCHIC,POKEMON_TYPE_NONE,0,0,1.0,0.125,34.5,4.3125,25,3.0,1.0,BUDDY_NORMAL,NONE,FAMILY_ELGYEM,50000,50,True,True,True
607,LITWICK,LITWICK_NORMAL,137,108,98,POKEMON_TYPE_GHOST,POKEMON_TYPE_FIRE,0,0,0.3,0.0375,3.1,0.3875,25,5.0,0.43,BUDDY_NORMAL,NONE,FAMILY_LITWICK,75000,75,True,True,True
608,LAMPENT,LAMPENT_NORMAL,155,169,115,POKEMON_TYPE_GHOST,POKEMON_TYPE_FIRE,0,0,0.6,0.075,13.0,1.625,25,5.0,0.77,BUDDY_NORMAL,NONE,FAMILY_LITWICK,75000,75,True,True,True
609,CHANDELURE,CHANDELURE_NORMAL,155,271,182,POKEMON_TYPE_GHOST,POKEMON_TYPE_FIRE,0,0,1.0,0.125,34.3,4.2875,25,5.0,2.3,BUDDY_FLYING,NONE,FAMILY_LITWICK,75000,75,True,True,True
610,AXEW,AXEW_NORMAL,130,154,101,POKEMON_TYPE_DRAGON,POKEMON_TYPE_NONE,0,0,0.6,0.075,18.0,2.25,25,5.0,0.6,BUDDY_NORMAL,NONE,FAMILY_AXEW,75000,75,True,True,True
611,FRAXURE,FRAXURE_NORMAL,165,212,123,POKEMON_TYPE_DRAGON,POKEMON_TYPE_NONE,0,0,1.0,0.125,36.0,4.5,25,5.0,0.95,BUDDY_NORMAL,NONE,FAMILY_AXEW,75000,75,True,True,True
612,HAXORUS,HAXORUS_NORMAL,183,284,172,POKEMON_TYPE_DRAGON,POKEMON_TYPE_NONE,0,0,1.8,0.225,105.5,13.1875,25,5.0,1.8,BUDDY_NORMAL,NONE,FAMILY_AXEW,75000,75,True,True,True
613,CUBCHOO,CUBCHOO_NORMAL/CUBCHOO_WINTER_2020,146,128,74,POKEMON_TYPE_ICE,POKEMON_TYPE_NONE,0,0,0.5,0.0625,8.5,1.0625,25,3.0,0.5,BUDDY_NORMAL,NONE,FAMILY_CUBCHOO,50000,50,True,True,True
614,BEARTIC,BEARTIC_NORMAL/BEARTIC_WINTER_2020,216,233,152,POKEMON_TYPE_ICE,POKEMON_TYPE_NONE,0,0,2.6,0.325,260.0,32.5,25,3.0,2.46,BUDDY_BIG,NONE,FAMILY_CUBCHOO,50000,50,True,True,True
615,CRYOGONAL,CRYOGONAL_NORMAL,190,190,218,POKEMON_TYPE_ICE,POKEMON_TYPE_NONE,0,0,1.1,0.1375,148.0,18.5,25,5.0,1.56,BUDDY_NORMAL,NONE,FAMILY_CRYOGONAL,75000,75,True,True,True
616,SHELMET,SHELMET_NORMAL,137,72,140,POKEMON_TYPE_BUG,POKEMON_TYPE_NONE,0,0,0.4,0.05,7.7,0.9625,25,3.0,0.4,BUDDY_NORMAL,NONE,FAMILY_SHELMET,50000,50,True,True,True
617,ACCELGOR,ACCELGOR_NORMAL,190,220,120,POKEMON_TYPE_BUG,POKEMON_TYPE_NONE,0,0,0.8,0.1,25.3,3.1625,25,3.0,0.8,BUDDY_NORMAL,NONE,FAMILY_SHELMET,50000,50,True,True,True
618,STUNFISK,STUNFISK_GALARIAN/STUNFISK_NORMAL,240,144,171,POKEMON_TYPE_GROUND,POKEMON_TYPE_ELECTRIC,0,0,0.7,0.0875,11.0,1.375,25,5.0,0.7,BUDDY_NORMAL,NONE,FAMILY_STUNFISK,75000,75,True,True,True
619,MIENFOO,MIENFOO_NORMAL,128,160,98,POKEMON_TYPE_FIGHTING,POKEMON_TYPE_NONE,0,0,0.9,0.1125,20.0,2.5,25,3.0,0.9,BUDDY_NORMAL,NONE,FAMILY_MIENFOO,50000,50,True,True,True
620,MIENSHAO,MIENSHAO_NORMAL,163,258,127,POKEMON_TYPE_FIGHTING,POKEMON_TYPE_NONE,0,0,1.4,0.175,35.5,4.4375,25,3.0,1.4,BUDDY_NORMAL,NONE,FAMILY_MIENFOO,50000,50,True,True,True
621,DRUDDIGON,DRUDDIGON_NORMAL,184,213,170,POKEMON_TYPE_DRAGON,POKEMON_TYPE_NONE,0,0,1.6,0.2,139.0,17.375,25,5.0,2.71,BUDDY_BIG,NONE,FAMILY_DRUDDIGON,75000,75,True,True,True
622,GOLETT,GOLETT_NORMAL,153,127,92,POKEMON_TYPE_GROUND,POKEMON_TYPE_GHOST,0,0,1.0,0.125,92.0,11.5,25,5.0,0.99,BUDDY_NORMAL,NONE,FAMILY_GOLETT,75000,75,True,True,True
623,GOLURK,GOLURK_NORMAL,205,222,154,POKEMON_TYPE_GROUND,POKEMON_TYPE_GHOST,0,0,2.8,0.35,330.0,41.25,25,5.0,2.72,BUDDY_BIG,NONE,FAMILY_GOLETT,75000,75,True,True,True
624,PAWNIARD,PAWNIARD_NORMAL,128,154,114,POKEMON_TYPE_DARK,POKEMON_TYPE_STEEL,0,0,0.5,0.0625,10.2,1.275,25,5.0,0.49,BUDDY_NORMAL,NONE,FAMILY_PAWNIARD,75000,75,True,True,True
625,BISHARP,BISHARP_NORMAL,163,232,176,POKEMON_TYPE_DARK,POKEMON_TYPE_STEEL,0,0,1.6,0.2,70.0,8.75,25,5.0,1.68,BUDDY_NORMAL,NONE,FAMILY_PAWNIARD,75000,75,True,True,True
626,BOUFFALANT,BOUFFALANT_NORMAL,216,195,182,POKEMON_TYPE_NORMAL,POKEMON_TYPE_NONE,0,0,1.6,0.2,94.6,11.825,25,3.0,1.54,BUDDY_BIG,NONE,FAMILY_BOUFFALANT,50000,50,True,True,True
627,RUFFLET,RUFFLET_NORMAL,172,150,97,POKEMON_TYPE_NORMAL,POKEMON_TYPE_FLYING,0,0,0.5,0.0625,10.5,1.3125,25,5.0,0.5,BUDDY_NORMAL,NONE,FAMILY_RUFFLET,75000,75,True,True,True
628,BRAVIARY,BRAVIARY_HISUIAN/BRAVIARY_NORMAL,225,232,152,POKEMON_TYPE_NORMAL,POKEMON_TYPE_FLYING,0,0,1.5,0.1875,41.0,5.125,25,5.0,2.29,BUDDY_BIG,NONE,FAMILY_RUFFLET,75000,75,True,True,True
629,VULLABY,VULLABY_NORMAL,172,105,139,POKEMON_TYPE_DARK,POKEMON_TYPE_FLYING,0,0,0.5,0.0625,9.0,1.125,25,5.0,0.5,BUDDY_NORMAL,NONE,FAMILY_VULLABY,75000,75,True,True,True
630,MANDIBUZZ,MANDIBUZZ_NORMAL,242,129,205,POKEMON_TYPE_DARK,POKEMON_TYPE_FLYING,0,0,1.2,0.15,39.5,4.9375,25,5.0,1.27,BUDDY_FLYING,NONE,FAMILY_VULLABY,75000,75,True,True,True
631,HEATMOR,HEATMOR_NORMAL,198,204,129,POKEMON_TYPE_FIRE,POKEMON_TYPE_NONE,0,0,1.4,0.175,58.0,7.25,25,3.0,1.15,BUDDY_NORMAL,NONE,FAMILY_HEATMOR,50000,50,True,True,True
632,DURANT,DURANT_NORMAL,151,217,188,POKEMON_TYPE_BUG,POKEMON_TYPE_STEEL,0,0,0.3,0.0375,33.0,4.125,25,3.0,0.75,BUDDY_NORMAL,NONE,FAMILY_DURANT,50000,50,True,True,True
633,DEINO,DEINO_NORMAL,141,116,93,POKEMON_TYPE_DARK,POKEMON_TYPE_DRAGON,0,0,0.8,0.1,17.3,2.1625,25,5.0,0.8,BUDDY_NORMAL,NONE,FAMILY_DEINO,75000,75,True,True,True
634,ZWEILOUS,ZWEILOUS_NORMAL,176,159,135,POKEMON_TYPE_DARK,POKEMON_TYPE_DRAGON,0,0,1.4,0.175,50.0,6.25,25,5.0,1.4,BUDDY_BIG,NONE,FAMILY_DEINO,75000,75,True,True,True
635,HYDREIGON,HYDREIGON_NORMAL,211,256,188,POKEMON_TYPE_DARK,POKEMON_TYPE_DRAGON,0,0,1.8,0.225,160.0,20.0,25,5.0,1.9,BUDDY_FLYING,NONE,FAMILY_DEINO,75000,75,True,True,True
636,LARVESTA,LARVESTA_NORMAL,146,156,107,POKEMON_TYPE_BUG,POKEMON_TYPE_FIRE,0,0,1.1,0.1375,28.8,3.6,25,5.0,0.75,BUDDY_NORMAL,NONE,FAMILY_LARVESTA,75000,75,True,True,True
637,VOLCARONA,VOLCARONA_NORMAL,198,264,189,POKEMON_TYPE_BUG,POKEMON_TYPE_FIRE,0,0,1.6,0.2,46.0,5.75,25,5.0,1.51,BUDDY_FLYING,NONE,FAMILY_LARVESTA,75000,75,True,True,True
638,COBALION,COBALION_NORMAL,209,192,229,POKEMON_TYPE_STEEL,POKEMON_TYPE_FIGHTING,0,0,2.1,0.2625,250.0,31.25,25,20.0,2.1,BUDDY_BIG,POKEMON_CLASS_LEGENDARY,FAMILY_COBALION,100000,100,True,False,True
639,TERRAKION,TERRAKION_NORMAL,209,260,192,POKEMON_TYPE_ROCK,POKEMON_TYPE_FIGHTING,0,0,1.9,0.2375,260.0,32.5,25,20.0,2.7,BUDDY_BIG,POKEMON_CLASS_LEGENDARY,FAMILY_TERRAKION,100000,100,True,False,True
640,VIRIZION,VIRIZION_NORMAL,209,192,229,POKEMON_TYPE_GRASS,POKEMON_TYPE_FIGHTING,0,0,2.0,0.25,200.0,25.0,25,20.0,2.05,BUDDY_BIG,POKEMON_CLASS_LEGENDARY,FAMILY_VIRIZION,100000,100,True,False,True
641,TORNADUS,TORNADUS_INCARNATE/TORNADUS_THERIAN,188,266,164,POKEMON_TYPE_FLYING,POKEMON_TYPE_NONE,0,0,1.5,0.1875,63.0,7.875,25,20.0,1.5,BUDDY_NORMAL,POKEMON_CLASS_LEGENDARY,FAMILY_TORNADUS,100000,100,True,False,True
642,THUNDURUS,THUNDURUS_INCARNATE/THUNDURUS_THERIAN,188,266,164,POKEMON_TYPE_ELECTRIC,POKEMON_TYPE_FLYING,0,0,1.5,0.1875,61.0,7.625,25,20.0,2.0,BUDDY_NORMAL,POKEMON_CLASS_LEGENDARY,FAMILY_THUNDURUS,100000,100,True,False,True
643,RESHIRAM,RESHIRAM_NORMAL,205,275,211,POKEMON_TYPE_DRAGON,POKEMON_TYPE_FIRE,0,0,3.2,0.4,330.0,41.25,25,20.0,4.56,BUDDY_BIG,POKEMON_CLASS_LEGENDARY,FAMILY_RESHIRAM,100000,100,True,False,True
644,ZEKROM,ZEKROM_NORMAL,205,275,211,POKEMON_TYPE_DRAGON,POKEMON_TYPE_ELECTRIC,0,0,2.9,0.3625,345.0,43.125,25,20.0,4.43,BUDDY_BIG,POKEMON_CLASS_LEGENDARY,FAMILY_ZEKROM,100000,100,True,False,True
645,LANDORUS,LANDORUS_INCARNATE/LANDORUS_THERIAN,205,261,182,POKEMON_TYPE_GROUND,POKEMON_TYPE_FLYING,0,0,1.5,0.1875,68.0,8.5,25,20.0,1.28,BUDDY_NORMAL,POKEMON_CLASS_LEGENDARY,FAMILY_LANDORUS,100000,100,True,False,True
646,KYUREM,KYUREM_BLACK/KYUREM_NORMAL/KYUREM_WHITE,245,246,170,POKEMON_TYPE_DRAGON,POKEMON_TYPE_ICE,0,0,3.0,0.375,325.0,40.625,25,20.0,3.7,BUDDY_BIG,POKEMON_CLASS_LEGENDARY,FAMILY_KYUREM,100000,100,True,False,True
647,KELDEO,KELDEO_ORDINARY/KELDEO_RESOLUTE,209,260,192,POKEMON_TYPE_WATER,POKEMON_TYPE_FIGHTING,0,0,1.4,0.175,48.5,6.0625,25,20.0,1.39,BUDDY_NORMAL,POKEMON_CLASS_MYTHIC,FAMILY_KELDEO,100000,100,False,False,False
648,MELOETTA,MELOETTA_ARIA/MELOETTA_PIROUETTE,225,250,225,POKEMON_TYPE_NORMAL,POKEMON_TYPE_PSYCHIC,0,0,0.6,0.075,6.5,0.8125,25,20.0,0.5,BUDDY_NORMAL,POKEMON_CLASS_MYTHIC,FAMILY_MELOETTA,100000,100,False,False,False
649,GENESECT,GENESECT_BURN/GENESECT_CHILL/GENESECT_DOUSE/GENESECT_NORMAL/GENESECT_SHOCK,174,252,199,POKEMON_TYPE_BUG,POKEMON_TYPE_STEEL,0,0,1.5,0.1875,82.5,10.3125,25,20.0,2.0,BUDDY_NORMAL,POKEMON_CLASS_MYTHIC,FAMILY_GENESECT,100000,100,True,False,False
650,CHESPIN,CHESPIN_NORMAL,148,110,106,POKEMON_TYPE_GRASS,POKEMON_TYPE_NONE,0,0,0.4,0.05,9.0,1.125,0,3.0,0.53,BUDDY_NORMAL,NONE,FAMILY_CHESPIN,10000,25,True,True,True
651,QUILLADIN,QUILLADIN_NORMAL,156,146,156,POKEMON_TYPE_GRASS,POKEMON_TYPE_NONE,0,0,0.7,0.0875,29.0,3.625,0,3.0,0.8,BUDDY_NORMAL,NONE,FAMILY_CHESPIN,10000,25,True,True,True
652,CHESNAUGHT,CHESNAUGHT_NORMAL,204,201,204,POKEMON_TYPE_GRASS,POKEMON_TYPE_FIGHTING,0,0,1.6,0.2,90.0,11.25,0,3.0,1.84,BUDDY_BIG,NONE,FAMILY_CHESPIN,10000,25,True,True,True
653,FENNEKIN,FENNEKIN_NORMAL,120,116,102,POKEMON_TYPE_FIRE,POKEMON_TYPE_NONE,0,0,0.4,0.05,9.4,1.175,0,3.0,0.55,BUDDY_NORMAL,NONE,FAMILY_FENNEKIN,10000,25,True,True,True
654,BRAIXEN,BRAIXEN_NORMAL,153,171,130,POKEMON_TYPE_FIRE,POKEMON_TYPE_NONE,0,0,1.0,0.125,14.5,1.8125,0,3.0,1.2,BUDDY_NORMAL,NONE,FAMILY_FENNEKIN,10000,25,True,True,True
655,DELPHOX,DELPHOX_NORMAL,181,230,189,POKEMON_TYPE_FIRE,POKEMON_TYPE_PSYCHIC,0,0,1.5,0.1875,39.0,4.875,0,3.0,1.77,BUDDY_BIG,NONE,FAMILY_FENNEKIN,10000,25,True,True,True
656,FROAKIE,FROAKIE_NORMAL,121,122,84,POKEMON_TYPE_WATER,POKEMON_TYPE_NONE,0,0,0.3,0.0375,7.0,0.875,0,3.0,0.42,BUDDY_NORMAL,NONE,FAMILY_FROAKIE,10000,25,True,True,True
657,FROGADIER,FROGADIER_NORMAL,144,168,114,POKEMON_TYPE_WATER,POKEMON_TYPE_NONE,0,0,0.6,0.075,10.9,1.3625,0,3.0,0.65,BUDDY_NORMAL,NONE,FAMILY_FROAKIE,10000,25,True,True,True
658,GRENINJA,GRENINJA_NORMAL,176,223,152,POKEMON_TYPE_WATER,POKEMON_TYPE_DARK,0,0,1.5,0.1875,40.0,5.0,0,3.0,0.98,BUDDY_BIG,NONE,FAMILY_FROAKIE,10000,25,True,True,True
659,BUNNELBY,BUNNELBY_NORMAL,116,68,72,POKEMON_TYPE_NORMAL,POKEMON_TYPE_NONE,0,0,0.4,0.05,5.0,0.625,0,1.0,0.7,BUDDY_NORMAL,NONE,FAMILY_BUNNELBY,10000,25,True,True,True
660,DIGGERSBY,DIGGERSBY_NORMAL,198,112,155,POKEMON_TYPE_NORMAL,POKEMON_TYPE_GROUND,0,0,1.0,0.125,42.4,5.3,0,1.0,1.25,BUDDY_BIG,NONE,FAMILY_BUNNELBY,10000,25,True,True,True
661,FLETCHLING,FLETCHLING_NORMAL,128,95,80,POKEMON_TYPE_NORMAL,POKEMON_TYPE_FLYING,0,0,0.3,0.0375,1.7,0.2125,0,1.0,0.3,BUDDY_NORMAL,NONE,FAMILY_FLETCHLING,10000,25,True,True,True
662,FLETCHINDER,FLETCHINDER_NORMAL,158,145,110,POKEMON_TYPE_FIRE,POKEMON_TYPE_FLYING,0,0,0.7,0.0875,16.0,2.0,0,1.0,0.7,BUDDY_FLYING,NONE,FAMILY_FLETCHLING,10000,25,True,True,True
663,TALONFLAME,TALONFLAME_NORMAL,186,176,155,POKEMON_TYPE_FIRE,POKEMON_TYPE_FLYING,0,0,1.2,0.15,24.5,3.0625,0,1.0,1.4,BUDDY_FLYING,NONE,FAMILY_FLETCHLING,10000,25,True,True,True
664,SCATTERBUG,SCATTERBUG_ARCHIPELAGO/SCATTERBUG_CONTINENTAL/SCATTERBUG_ELEGANT/SCATTERBUG_FANCY/SCATTERBUG_GARDEN/SCATTERBUG_HIGH_PLAINS/SCATTERBUG_ICY_SNOW/SCATTERBUG_JUNGLE/SCATTERBUG_MARINE/SCATTERBUG_MEADOW/SCATTERBUG_MODERN/SCATTERBUG_MONSOON/SCATTERBUG_OCEAN/SCATTERBUG_POKEBALL/SCATTERBUG_POLAR/SCATTERBUG_RIVER/SCATTERBUG_SANDSTORM/SCATTERBUG_SAVANNA/SCATTERBUG_SUN/SCATTERBUG_TUNDRA,116,63,63,POKEMON_TYPE_BUG,POKEMON_TYPE_NONE,0,0,0.3,0.0375,2.5,0.3125,0,1.0,0.26,BUDDY_NORMAL,NONE,FAMILY_SCATTERBUG,10000,25,True,True,True
665,SPEWPA,SPEWPA_ARCHIPELAGO/SPEWPA_CONTINENTAL/SPEWPA_ELEGANT/SPEWPA_FANCY/SPEWPA_GARDEN/SPEWPA_HIGH_PLAINS/SPEWPA_ICY_SNOW/SPEWPA_JUNGLE/SPEWPA_MARINE/SPEWPA_MEADOW/SPEWPA_MODERN/SPEWPA_MONSOON/SPEWPA_OCEAN/SPEWPA_POKEBALL/SPEWPA_POLAR/SPEWPA_RIVER/SPEWPA_SANDSTORM/SPEWPA_SAVANNA/SPEWPA_SUN/SPEWPA_TUNDRA,128,48,89,POKEMON_TYPE_BUG,POKEMON_TYPE_NONE,0,0,0.3,0.0375,8.4,1.05,0,1.0,0.32,BUDDY_NORMAL,NONE,FAMILY_SCATTERBUG,10000,25,True,True,True
666,VIVILLON,VIVILLON_ARCHIPELAGO/VIVILLON_CONTINENTAL/VIVILLON_ELEGANT/VIVILLON_FANCY/VIVILLON_GARDEN/VIVILLON_HIGH_PLAINS/VIVILLON_ICY_SNOW/VIVILLON_JUNGLE/VIVILLON_MARINE/VIVILLON_MEADOW/VIVILLON_MODERN/VIVILLON_MONSOON/VIVILLON_OCEAN/VIVILLON_POKEBALL/VIVILLON_POLAR/VIVILLON_RIVER/VIVILLON_SANDSTORM/VIVILLON_SAVANNA/VIVILLON_SUN/VIVILLON_TUNDRA,190,176,103,POKEMON_TYPE_BUG,POKEMON_TYPE_FLYING,0,0,1.2,0.15,17.0,2.125,0,1.0,1.2,BUDDY_FLYING,NONE,FAMILY_SCATTERBUG,10000,25,True,True,True
667,LITLEO,LITLEO_NORMAL,158,139,112,POKEMON_TYPE_FIRE,POKEMON_TYPE_NORMAL,0,0,0.6,0.075,13.5,1.6875,0,3.0,0.76,BUDDY_NORMAL,NONE,FAMILY_LITLEO,10000,25,True,True,True
668,PYROAR,PYROAR_FEMALE/PYROAR_NORMAL,200,221,149,POKEMON_TYPE_FIRE,POKEMON_TYPE_NORMAL,0,0,1.5,0.1875,81.5,10.1875,0,3.0,1.8,BUDDY_NORMAL,NONE,FAMILY_LITLEO,10000,25,True,True,True
669,FLABEBE,FLABEBE_BLUE/FLABEBE_ORANGE/FLABEBE_RED/FLABEBE_WHITE/FLABEBE_YELLOW,127,108,120,POKEMON_TYPE_FAIRY,POKEMON_TYPE_NONE,0,0,0.1,0.0125,0.1,0.0125,0,3.0,0.2,BUDDY_NORMAL,NONE,FAMILY_FLABEBE,50000,50,True,True,True
670,FLOETTE,FLOETTE_BLUE/FLOETTE_ORANGE/FLOETTE_RED/FLOETTE_WHITE/FLOETTE_YELLOW,144,136,151,POKEMON_TYPE_FAIRY,POKEMON_TYPE_NONE,0,0,0.2,0.025,0.9,0.1125,0,3.0,0.36,BUDDY_NORMAL,NONE,FAMILY_FLABEBE,50000,50,True,True,True
671,FLORGES,FLORGES_BLUE/FLORGES_ORANGE/FLORGES_RED/FLORGES_WHITE/FLORGES_YELLOW,186,212,244,POKEMON_TYPE_FAIRY,POKEMON_TYPE_NONE,0,0,1.1,0.1375,10.0,1.25,0,3.0,1.28,BUDDY_NORMAL,NONE,FAMILY_FLABEBE,50000,50,True,True,True
672,SKIDDO,SKIDDO_NORMAL,165,123,102,POKEMON_TYPE_GRASS,POKEMON_TYPE_NONE,0,0,0.9,0.1125,31.0,3.875,0,3.0,0.9,BUDDY_NORMAL,NONE,FAMILY_SKIDDO,50000,50,True,True,True
673,GOGOAT,GOGOAT_NORMAL,265,196,146,POKEMON_TYPE_GRASS,POKEMON_TYPE_NONE,0,0,1.7,0.2125,91.0,11.375,0,3.0,1.7,BUDDY_NORMAL,NONE,FAMILY_SKIDDO,50000,50,True,True,True
674,PANCHAM,PANCHAM_NORMAL,167,145,107,POKEMON_TYPE_FIGHTING,POKEMON_TYPE_NONE,0,0,0.6,0.075,8.0,1.0,0,3.0,0.65,BUDDY_NORMAL,NONE,FAMILY_PANCHAM,50000,50,True,True,True
675,PANGORO,PANGORO_NORMAL,216,226,146,POKEMON_TYPE_FIGHTING,POKEMON_TYPE_DARK,0,0,2.1,0.2625,136.0,17.0,0,3.0,1.99,BUDDY_BIG,NONE,FAMILY_PANCHAM,50000,50,True,True,True
676,FURFROU,FURFROU_DANDY/FURFROU_DEBUTANTE/FURFROU_DIAMOND/FURFROU_HEART/FURFROU_KABUKI/FURFROU_LA_REINE/FURFROU_MATRON/FURFROU_NATURAL/FURFROU_PHARAOH/FURFROU_STAR,181,164,167,POKEMON_TYPE_NORMAL,POKEMON_TYPE_NONE,0,0,1.2,0.15,28.0,3.5,0,5.0,1.2,BUDDY_NORMAL,NONE,FAMILY_FURFROU,75000,75,True,True,True
677,ESPURR,ESPURR_NORMAL,158,120,114,POKEMON_TYPE_PSYCHIC,POKEMON_TYPE_NONE,0,0,0.3,0.0375,3.5,0.4375,0,3.0,0.34,BUDDY_NORMAL,NONE,FAMILY_ESPURR,50000,50,True,True,True
678,MEOWSTIC,MEOWSTIC_FEMALE/MEOWSTIC_NORMAL,179,166,167,POKEMON_TYPE_PSYCHIC,POKEMON_TYPE_NONE,0,0,0.6,0.075,8.5,1.0625,0,3.0,0.75,BUDDY_NORMAL,NONE,FAMILY_ESPURR,50000,50,True,True,True
679,HONEDGE,HONEDGE_NORMAL,128,135,139,POKEMON_TYPE_STEEL,POKEMON_TYPE_GHOST,0,0,0.8,0.1,2.0,0.25,0,5.0,0.9,BUDDY_NORMAL,NONE,FAMILY_HONEDGE,75000,75,True,True,True
680,DOUBLADE,DOUBLADE_NORMAL,153,188,206,POKEMON_TYPE_STEEL,POKEMON_TYPE_GHOST,0,0,0.8,0.1,4.5,0.5625,0,5.0,0.93,BUDDY_NORMAL,NONE,FAMILY_HONEDGE,75000,75,True,True,True
681,AEGISLASH,AEGISLASH_BLADE/AEGISLASH_SHIELD,155,97,272,POKEMON_TYPE_STEEL,POKEMON_TYPE_GHOST,0,0,1.7,0.2125,53.0,6.625,0,5.0,1.68,BUDDY_NORMAL,NONE,FAMILY_HONEDGE,75000,75,True,True,True
682,SPRITZEE,SPRITZEE_NORMAL,186,110,113,POKEMON_TYPE_FAIRY,POKEMON_TYPE_NONE,0,0,0.2,0.025,0.5,0.0625,0,3.0,0.3,BUDDY_NORMAL,NONE,FAMILY_SPRITZEE,50000,50,True,True,True
683,AROMATISSE,AROMATISSE_NORMAL,226,173,150,POKEMON_TYPE_FAIRY,POKEMON_TYPE_NONE,0,0,0.8,0.1,15.5,1.9375,0,3.0,1.0,BUDDY_NORMAL,NONE,FAMILY_SPRITZEE,50000,50,True,True,True
684,SWIRLIX,SWIRLIX_NORMAL,158,109,119,POKEMON_TYPE_FAIRY,POKEMON_TYPE_NONE,0,0,0.4,0.05,3.5,0.4375,0,3.0,0.4,BUDDY_NORMAL,NONE,FAMILY_SWIRLIX,50000,50,True,True,True
685,SLURPUFF,SLURPUFF_NORMAL,193,168,163,POKEMON_TYPE_FAIRY,POKEMON_TYPE_NONE,0,0,0.8,0.1,5.0,0.625,0,3.0,0.8,BUDDY_NORMAL,NONE,FAMILY_SWIRLIX,50000,50,True,True,True
686,INKAY,INKAY_NORMAL,142,98,95,POKEMON_TYPE_DARK,POKEMON_TYPE_PSYCHIC,0,0,0.4,0.05,3.5,0.4375,0,3.0,0.4,BUDDY_NORMAL,NONE,FAMILY_INKAY,50000,50,True,True,True
687,MALAMAR,MALAMAR_NORMAL,200,177,165,POKEMON_TYPE_DARK,POKEMON_TYPE_PSYCHIC,0,0,1.5,0.1875,47.0,5.875,0,3.0,1.8,BUDDY_BIG,NONE,FAMILY_INKAY,50000,50,True,True,True
688,BINACLE,BINACLE_NORMAL,123,96,120,POKEMON_TYPE_ROCK,POKEMON_TYPE_WATER,0,0,0.5,0.0625,31.0,3.875,0,3.0,0.6,BUDDY_NORMAL,NONE,FAMILY_BINACLE,50000,50,True,True,True
689,BARBARACLE,BARBARACLE_NORMAL,176,194,205,POKEMON_TYPE_ROCK,POKEMON_TYPE_WATER,0,0,1.3,0.1625,96.0,12.0,0,3.0,1.5,BUDDY_NORMAL,NONE,FAMILY_BINACLE,50000,50,True,True,True
690,SKRELP,SKRELP_NORMAL,137,109,109,POKEMON_TYPE_POISON,POKEMON_TYPE_WATER,0,0,0.5,0.0625,7.3,0.9125,0,3.0,0.68,BUDDY_NORMAL,NONE,FAMILY_SKRELP,50000,50,True,True,True
691,DRAGALGE,DRAGALGE_NORMAL,163,177,207,POKEMON_TYPE_POISON,POKEMON_TYPE_DRAGON,0,0,1.8,0.225,81.5,10.1875,0,3.0,2.64,BUDDY_BIG,NONE,FAMILY_SKRELP,50000,50,True,True,True
692,CLAUNCHER,CLAUNCHER_NORMAL,137,108,117,POKEMON_TYPE_WATER,POKEMON_TYPE_NONE,0,0,0.5,0.0625,8.3,1.0375,0,3.0,0.4,BUDDY_NORMAL,NONE,FAMILY_CLAUNCHER,50000,50,True,True,True
693,CLAWITZER,CLAWITZER_NORMAL,174,221,171,POKEMON_TYPE_WATER,POKEMON_TYPE_NONE,0,0,1.3,0.1625,35.3,4.4125,0,3.0,1.3,BUDDY_NORMAL,NONE,FAMILY_CLAUNCHER,50000,50,True,True,True
694,HELIOPTILE,HELIOPTILE_NORMAL,127,115,78,POKEMON_TYPE_ELECTRIC,POKEMON_TYPE_NORMAL,0,0,0.5,0.0625,6.0,0.75,0,3.0,0.5,BUDDY_NORMAL,NONE,FAMILY_HELIOPTILE,50000,50,True,True,True
695,HELIOLISK,HELIOLISK_NORMAL,158,219,168,POKEMON_TYPE_ELECTRIC,POKEMON_TYPE_NORMAL,0,0,1.0,0.125,21.0,2.625,0,3.0,1.0,BUDDY_NORMAL,NONE,FAMILY_HELIOPTILE,50000,50,True,True,True
696,TYRUNT,TYRUNT_NORMAL,151,158,123,POKEMON_TYPE_ROCK,POKEMON_TYPE_DRAGON,0,0,0.8,0.1,26.0,3.25,0,5.0,1.55,BUDDY_NORMAL,NONE,FAMILY_TYRUNT,75000,75,True,True,True
697,TYRANTRUM,TYRANTRUM_NORMAL,193,227,191,POKEMON_TYPE_ROCK,POKEMON_TYPE_DRAGON,0,0,2.5,0.3125,270.0,33.75,0,5.0,2.88,BUDDY_BIG,NONE,FAMILY_TYRUNT,75000,75,True,True,True
698,AMAURA,AMAURA_NORMAL,184,124,109,POKEMON_TYPE_ROCK,POKEMON_TYPE_ICE,0,0,1.3,0.1625,25.2,3.15,0,5.0,1.66,BUDDY_NORMAL,NONE,FAMILY_AMAURA,75000,75,True,True,True
699,AURORUS,AURORUS_NORMAL,265,186,163,POKEMON_TYPE_ROCK,POKEMON_TYPE_ICE,0,0,2.7,0.3375,225.0,28.125,0,5.0,3.3,BUDDY_BIG,NONE,FAMILY_AMAURA,75000,75,True,True,True
700,SYLVEON,SYLVEON_NORMAL,216,203,205,POKEMON_TYPE_FAIRY,POKEMON_TYPE_NONE,0,0,1.0,0.125,23.5,2.9375,0,5.0,0.98,BUDDY_NORMAL,NONE,FAMILY_EEVEE,75000,50,True,True,True
701,HAWLUCHA,HAWLUCHA_NORMAL,186,195,153,POKEMON_TYPE_FIGHTING,POKEMON_TYPE_FLYING,0,0,0.8,0.1,21.5,2.6875,0,5.0,1.0,BUDDY_NORMAL,NONE,FAMILY_HAWLUCHA,75000,75,True,True,True
702,DEDENNE,DEDENNE_NORMAL,167,164,134,POKEMON_TYPE_ELECTRIC,POKEMON_TYPE_FAIRY,0,0,0.2,0.025,2.2,0.275,0,3.0,0.25,BUDDY_NORMAL,NONE,FAMILY_DEDENNE,50000,50,True,True,True
703,CARBINK,CARBINK_NORMAL,137,95,285,POKEMON_TYPE_ROCK,POKEMON_TYPE_FAIRY,0,0,0.3,0.0375,5.7,0.7125,0,5.0,0.32,BUDDY_NORMAL,NONE,FAMILY_CARBINK,75000,75,True,True,True
704,GOOMY,GOOMY_NORMAL,128,101,112,POKEMON_TYPE_DRAGON,POKEMON_TYPE_NONE,0,0,0.3,0.0375,2.8,0.35,0,5.0,0.47,BUDDY_NORMAL,NONE,FAMILY_GOOMY,75000,75,True,True,True
705,SLIGGOO,SLIGGOO_NORMAL,169,159,176,POKEMON_TYPE_DRAGON,POKEMON_TYPE_NONE,0,0,0.8,0.1,17.5,2.1875,0,5.0,1.25,BUDDY_NORMAL,NONE,FAMILY_GOOMY,75000,75,True,True,True
706,GOODRA,GOODRA_NORMAL,207,220,242,POKEMON_TYPE_DRAGON,POKEMON_TYPE_NONE,0,0,2.0,0.25,150.5,18.8125,0,5.0,2.15,BUDDY_BIG,NONE,FAMILY_GOOMY,75000,75,True,True,True
707,KLEFKI,KLEFKI_NORMAL,149,160,179,POKEMON_TYPE_STEEL,POKEMON_TYPE_FAIRY,0,0,0.2,0.025,3.0,0.375,0,3.0,0.35,BUDDY_FLYING,NONE,FAMILY_KLEFKI,50000,50,True,True,True
708,PHANTUMP,PHANTUMP_NORMAL,125,125,103,POKEMON_TYPE_GHOST,POKEMON_TYPE_GRASS,0,0,0.4,0.05,7.0,0.875,0,5.0,0.4,BUDDY_NORMAL,NONE,FAMILY_PHANTUMP,75000,75,True,True,True
709,TREVENANT,TREVENANT_NORMAL,198,201,154,POKEMON_TYPE_GHOST,POKEMON_TYPE_GRASS,0,0,1.5,0.1875,71.0,8.875,0,5.0,1.5,BUDDY_BIG,NONE,FAMILY_PHANTUMP,75000,75,True,True,True
710,PUMPKABOO,PUMPKABOO_AVERAGE/PUMPKABOO_LARGE/PUMPKABOO_SMALL/PUMPKABOO_SUPER,127,122,124,POKEMON_TYPE_GHOST,POKEMON_TYPE_GRASS,0,0,0.3,0.0375,3.5,0.4375,0,5.0,0.55,BUDDY_NORMAL,NONE,FAMILY_PUMPKABOO,75000,75,True,True,True
711,GOURGEIST,GOURGEIST_AVERAGE/GOURGEIST_LARGE/GOURGEIST_SMALL/GOURGEIST_SUPER,146,171,219,POKEMON_TYPE_GHOST,POKEMON_TYPE_GRASS,0,0,0.7,0.0875,9.5,1.1875,0,5.0,1.04,BUDDY_NORMAL,NONE,FAMILY_PUMPKABOO,75000,75,True,True,True
712,BERGMITE,BERGMITE_NORMAL,146,117,120,POKEMON_TYPE_ICE,POKEMON_TYPE_NONE,0,0,1.0,0.125,99.5,12.4375,0,3.0,1.05,BUDDY_NORMAL,NONE,FAMILY_BERGMITE,50000,50,True,True,True
713,AVALUGG,AVALUGG_HISUIAN/AVALUGG_NORMAL,216,196,240,POKEMON_TYPE_ICE,POKEMON_TYPE_NONE,0,0,2.0,0.25,505.0,63.125,0,3.0,6.15,BUDDY_BIG,NONE,FAMILY_BERGMITE,50000,50,True,True,True
714,NOIBAT,NOIBAT_NORMAL,120,83,73,POKEMON_TYPE_FLYING,POKEMON_TYPE_DRAGON,0,0,0.5,0.0625,8.0,1.0,0,5.0,1.1,BUDDY_FLYING,NONE,FAMILY_NOIBAT,75000,75,True,True,True
715,NOIVERN,NOIVERN_NORMAL,198,205,175,POKEMON_TYPE_FLYING,POKEMON_TYPE_DRAGON,0,0,1.5,0.1875,85.0,10.625,0,5.0,1.5,BUDDY_BIG,NONE,FAMILY_NOIBAT,75000,75,True,True,True
716,XERNEAS,XERNEAS_NORMAL,246,250,185,POKEMON_TYPE_FAIRY,POKEMON_TYPE_NONE,0,0,3.0,0.375,215.0,26.875,0,20.0,4.9,BUDDY_NORMAL,POKEMON_CLASS_LEGENDARY,FAMILY_XERNEAS,100000,100,True,False,True
717,YVELTAL,YVELTAL_NORMAL,246,250,185,POKEMON_TYPE_DARK,POKEMON_TYPE_FLYING,0,0,5.8,0.725,203.0,25.375,0,20.0,5.5,BUDDY_NORMAL,POKEMON_CLASS_LEGENDARY,FAMILY_YVELTAL,100000,100,True,False,True
718,ZYGARDE,ZYGARDE_COMPLETE/ZYGARDE_COMPLETE_FIFTY_PERCENT/ZYGARDE_COMPLETE_TEN_PERCENT/ZYGARDE_FIFTY_PERCENT/ZYGARDE_TEN_PERCENT,239,203,232,POKEMON_TYPE_DRAGON,POKEMON_TYPE_GROUND,0,0,5.0,0.625,305.0,38.125,0,20.0,1.0,BUDDY_NORMAL,POKEMON_CLASS_LEGENDARY,FAMILY_ZYGARDE,100000,100,False,False,False
719,DIANCIE,DIANCIE_NORMAL,137,190,285,POKEMON_TYPE_ROCK,POKEMON_TYPE_FAIRY,0,0,0.7,0.0875,8.8,1.1,0,20.0,0.7,BUDDY_NORMAL,POKEMON_CLASS_MYTHIC,FAMILY_DIANCIE,100000,100,False,False,False
720,HOOPA,HOOPA_CONFINED/HOOPA_UNBOUND,173,261,187,POKEMON_TYPE_PSYCHIC,POKEMON_TYPE_GHOST,0,0,0.5,0.0625,9.0,1.125,0,20.0,0.7,BUDDY_NORMAL,POKEMON_CLASS_MYTHIC,FAMILY_HOOPA,100000,100,True,False,False
721,VOLCANION,VOLCANION_NORMAL,190,252,216,POKEMON_TYPE_FIRE,POKEMON_TYPE_WATER,0,0,1.7,0.2125,195.0,24.375,0,20.0,2.28,BUDDY_BIG,POKEMON_CLASS_MYTHIC,FAMILY_VOLCANION,100000,100,False,False,False
722,ROWLET,ROWLET_NORMAL,169,102,99,POKEMON_TYPE_GRASS,POKEMON_TYPE_FLYING,0,0,0.3,0.0375,1.5,0.1875,0,3.0,0.31,BUDDY_NORMAL,NONE,FAMILY_ROWLET,10000,25,True,True,True
723,DARTRIX,DARTRIX_NORMAL,186,142,139,POKEMON_TYPE_GRASS,POKEMON_TYPE_FLYING,0,0,0.7,0.0875,16.0,2.0,0,3.0,0.7,BUDDY_NORMAL,NONE,FAMILY_ROWLET,10000,25,True,True,True
724,DECIDUEYE,DECIDUEYE_HISUIAN/DECIDUEYE_NORMAL,186,210,179,POKEMON_TYPE_GRASS,POKEMON_TYPE_GHOST,0,0,1.6,0.2,36.6,4.575,0,3.0,1.6,BUDDY_BIG,NONE,FAMILY_ROWLET,10000,25,True,True,True
725,LITTEN,LITTEN_NORMAL,128,128,79,POKEMON_TYPE_FIRE,POKEMON_TYPE_NONE,0,0,0.4,0.05,4.3,0.5375,0,3.0,0.45,BUDDY_NORMAL,NONE,FAMILY_LITTEN,10000,25,True,True,True
726,TORRACAT,TORRACAT_NORMAL,163,174,103,POKEMON_TYPE_FIRE,POKEMON_TYPE_NONE,0,0,0.7,0.0875,25.0,3.125,0,3.0,0.75,BUDDY_NORMAL,NONE,FAMILY_LITTEN,10000,25,True,True,True
727,INCINEROAR,INCINEROAR_NORMAL,216,214,175,POKEMON_TYPE_FIRE,POKEMON_TYPE_DARK,0,0,1.8,0.225,83.0,10.375,0,3.0,1.71,BUDDY_BIG,NONE,FAMILY_LITTEN,10000,25,True,True,True
728,POPPLIO,POPPLIO_NORMAL,137,120,103,POKEMON_TYPE_WATER,POKEMON_TYPE_NONE,0,0,0.4,0.05,7.5,0.9375,0,3.0,0.4,BUDDY_NORMAL,NONE,FAMILY_POPPLIO,10000,25,True,True,True
729,BRIONNE,BRIONNE_NORMAL,155,168,145,POKEMON_TYPE_WATER,POKEMON_TYPE_NONE,0,0,0.6,0.075,17.5,2.1875,0,3.0,0.6,BUDDY_NORMAL,NONE,FAMILY_POPPLIO,10000,25,True,True,True
730,PRIMARINA,PRIMARINA_NORMAL,190,232,195,POKEMON_TYPE_WATER,POKEMON_TYPE_FAIRY,0,0,1.8,0.225,44.0,5.5,0,3.0,1.8,BUDDY_BIG,NONE,FAMILY_POPPLIO,10000,25,True,True,True
731,PIKIPEK,PIKIPEK_NORMAL,111,136,59,POKEMON_TYPE_NORMAL,POKEMON_TYPE_FLYING,0,0,0.3,0.0375,1.2,0.15,0,1.0,0.3,BUDDY_SHOULDER,NONE,FAMILY_PIKIPEK,10000,25,True,True,True
732,TRUMBEAK,TRUMBEAK_NORMAL,146,159,100,POKEMON_TYPE_NORMAL,POKEMON_TYPE_FLYING,0,0,0.6,0.075,14.8,1.85,0,1.0,0.6,BUDDY_FLYING,NONE,FAMILY_PIKIPEK,10000,25,True,True,True
733,TOUCANNON,TOUCANNON_NORMAL,190,222,146,POKEMON_TYPE_NORMAL,POKEMON_TYPE_FLYING,0,0,1.1,0.1375,26.0,3.25,0,1.0,1.1,BUDDY_BIG,NONE,FAMILY_PIKIPEK,10000,25,True,True,True
734,YUNGOOS,YUNGOOS_NORMAL,134,122,56,POKEMON_TYPE_NORMAL,POKEMON_TYPE_NONE,0,0,0.4,0.05,6.0,0.75,0,1.0,1.15,BUDDY_NORMAL,NONE,FAMILY_YUNGOOS,10000,25,True,True,True
735,GUMSHOOS,GUMSHOOS_NORMAL,204,194,113,POKEMON_TYPE_NORMAL,POKEMON_TYPE_NONE,0,0,0.7,0.0875,14.2,1.775,0,1.0,0.7,BUDDY_NORMAL,NONE,FAMILY_YUNGOOS,10000,25,True,True,True
736,GRUBBIN,GRUBBIN_NORMAL,132,115,85,POKEMON_TYPE_BUG,POKEMON_TYPE_NONE,0,0,0.4,0.05,4.4,0.55,0,1.0,0.4,BUDDY_NORMAL,NONE,FAMILY_GRUBBIN,10000,25,True,True,True
737,CHARJABUG,CHARJABUG_NORMAL/CHARJABUG_WINTER_2025,149,145,161,POKEMON_TYPE_BUG,POKEMON_TYPE_ELECTRIC,0,0,0.5,0.0625,10.5,1.3125,0,1.0,0.5,BUDDY_NORMAL,NONE,FAMILY_GRUBBIN,10000,25,True,True,True
738,VIKAVOLT,VIKAVOLT_NORMAL/VIKAVOLT_WINTER_2025,184,254,158,POKEMON_TYPE_BUG,POKEMON_TYPE_ELECTRIC,0,0,1.5,0.1875,45.0,5.625,0,1.0,1.5,BUDDY_FLYING,NONE,FAMILY_GRUBBIN,10000,25,True,True,True
739,CRABRAWLER,CRABRAWLER_NORMAL,132,150,104,POKEMON_TYPE_FIGHTING,POKEMON_TYPE_NONE,0,0,0.6,0.075,7.0,0.875,0,3.0,0.5,BUDDY_NORMAL,NONE,FAMILY_CRABRAWLER,50000,50,True,True,True
740,CRABOMINABLE,CRABOMINABLE_NORMAL,219,231,138,POKEMON_TYPE_FIGHTING,POKEMON_TYPE_ICE,0,0,1.7,0.2125,180.0,22.5,0,3.0,1.35,BUDDY_NORMAL,NONE,FAMILY_CRABRAWLER,50000,50,True,True,True
741,ORICORIO,ORICORIO_BAILE/ORICORIO_PAU/ORICORIO_POMPOM/ORICORIO_SENSU,181,196,145,POKEMON_TYPE_FIRE,POKEMON_TYPE_FLYING,0,0,0.6,0.075,3.4,0.425,0,3.0,0.73,BUDDY_NORMAL,NONE,FAMILY_ORICORIO,75000,75,True,True,True
742,CUTIEFLY,CUTIEFLY_NORMAL,120,110,81,POKEMON_TYPE_BUG,POKEMON_TYPE_FAIRY,0,0,0.1,0.0125,0.2,0.025,0,1.0,0.225,BUDDY_FLYING,NONE,FAMILY_CUTIEFLY,10000,25,True,True,True
743,RIBOMBEE,RIBOMBEE_NORMAL,155,198,146,POKEMON_TYPE_BUG,POKEMON_TYPE_FAIRY,0,0,0.2,0.025,0.5,0.0625,0,1.0,0.21,BUDDY_FLYING,NONE,FAMILY_CUTIEFLY,10000,25,True,True,True
744,ROCKRUFF,ROCKRUFF_DUSK/ROCKRUFF_NORMAL,128,117,78,POKEMON_TYPE_ROCK,POKEMON_TYPE_NONE,0,0,0.5,0.0625,9.2,1.15,0,5.0,0.5,BUDDY_NORMAL,NONE,FAMILY_ROCKRUFF,50000,50,True,True,True
745,LYCANROC,LYCANROC_DUSK/LYCANROC_MIDDAY/LYCANROC_MIDNIGHT,181,231,140,POKEMON_TYPE_ROCK,POKEMON_TYPE_NONE,0,0,0.8,0.1,25.0,3.125,0,5.0,1.0,BUDDY_NORMAL,NONE,FAMILY_ROCKRUFF,50000,50,True,True,True
746,WISHIWASHI,WISHIWASHI_SCHOOL/WISHIWASHI_SOLO,128,46,43,POKEMON_TYPE_WATER,POKEMON_TYPE_NONE,0,0,0.2,0.025,0.3,0.0375,0,1.0,1.0,BUDDY_NORMAL,NONE,FAMILY_WISHIWASHI,75000,75,True,True,True
747,MAREANIE,MAREANIE_NORMAL,137,98,110,POKEMON_TYPE_POISON,POKEMON_TYPE_WATER,0,0,0.4,0.05,8.0,1.0,0,3.0,0.4,BUDDY_NORMAL,NONE,FAMILY_MAREANIE,50000,50,True,True,True
748,TOXAPEX,TOXAPEX_NORMAL,137,114,273,POKEMON_TYPE_POISON,POKEMON_TYPE_WATER,0,0,0.7,0.0875,14.5,1.8125,0,3.0,1.0,BUDDY_NORMAL,NONE,FAMILY_MAREANIE,50000,50,True,True,True
749,MUDBRAY,MUDBRAY_NORMAL,172,175,121,POKEMON_TYPE_GROUND,POKEMON_TYPE_NONE,0,0,1.0,0.125,110.0,13.75,0,3.0,1.22,BUDDY_NORMAL,NONE,FAMILY_MUDBRAY,50000,50,True,True,True
750,MUDSDALE,MUDSDALE_NORMAL,225,214,174,POKEMON_TYPE_GROUND,POKEMON_TYPE_NONE,0,0,2.5,0.3125,920.0,115.0,0,3.0,3.4,BUDDY_NORMAL,NONE,FAMILY_MUDBRAY,50000,50,True,True,True
751,DEWPIDER,DEWPIDER_NORMAL,116,72,117,POKEMON_TYPE_WATER,POKEMON_TYPE_BUG,0,0,0.3,0.0375,4.0,0.5,0,3.0,0.52,BUDDY_NORMAL,NONE,FAMILY_DEWPIDER,50000,50,True,True,True
752,ARAQUANID,ARAQUANID_NORMAL,169,126,219,POKEMON_TYPE_WATER,POKEMON_TYPE_BUG,0,0,1.8,0.225,82.0,10.25,0,3.0,1.0,BUDDY_BIG,NONE,FAMILY_DEWPIDER,50000,50,True,True,True
753,FOMANTIS,FOMANTIS_NORMAL,120,100,64,POKEMON_TYPE_GRASS,POKEMON_TYPE_NONE,0,0,0.3,0.0375,1.5,0.1875,0,3.0,0.4,BUDDY_NORMAL,NONE,FAMILY_FOMANTIS,50000,50,True,True,True
754,LURANTIS,LURANTIS_NORMAL,172,192,169,POKEMON_TYPE_GRASS,POKEMON_TYPE_NONE,0,0,0.9,0.1125,18.5,2.3125,0,3.0,0.9,BUDDY_NORMAL,NONE,FAMILY_FOMANTIS,50000,50,True,True,True
755,MORELULL,MORELULL_NORMAL,120,108,119,POKEMON_TYPE_GRASS,POKEMON_TYPE_FAIRY,0,0,0.2,0.025,1.5,0.1875,0,3.0,0.4,BUDDY_NORMAL,NONE,FAMILY_MORELULL,50000,50,True,True,True
756,SHIINOTIC,SHIINOTIC_NORMAL,155,154,168,POKEMON_TYPE_GRASS,POKEMON_TYPE_FAIRY,0,0,1.0,0.125,11.5,1.4375,0,3.0,1.0,BUDDY_NORMAL,NONE,FAMILY_MORELULL,50000,50,True,True,True
757,SALANDIT,SALANDIT_NORMAL,134,136,80,POKEMON_TYPE_POISON,POKEMON_TYPE_FIRE,0,0,0.6,0.075,4.8,0.6,0,3.0,0.24,BUDDY_NORMAL,NONE,FAMILY_SALANDIT,50000,50,True,True,True
758,SALAZZLE,SALAZZLE_NORMAL,169,228,130,POKEMON_TYPE_POISON,POKEMON_TYPE_FIRE,0,0,1.2,0.15,22.2,2.775,0,3.0,0.6,BUDDY_NORMAL,NONE,FAMILY_SALANDIT,50000,50,True,True,True
759,STUFFUL,STUFFUL_NORMAL,172,136,95,POKEMON_TYPE_NORMAL,POKEMON_TYPE_FIGHTING,0,0,0.5,0.0625,6.8,0.85,0,1.0,0.673,BUDDY_NORMAL,NONE,FAMILY_STUFFUL,10000,25,True,True,True
760,BEWEAR,BEWEAR_NORMAL/BEWEAR_WILDAREA_2025,260,226,141,POKEMON_TYPE_NORMAL,POKEMON_TYPE_FIGHTING,0,0,2.1,0.2625,135.0,16.875,0,1.0,2.2,BUDDY_BIG,NONE,FAMILY_STUFFUL,10000,25,True,True,True
761,BOUNSWEET,BOUNSWEET_NORMAL,123,55,69,POKEMON_TYPE_GRASS,POKEMON_TYPE_NONE,0,0,0.3,0.0375,3.2,0.4,0,3.0,0.55,BUDDY_NORMAL,NONE,FAMILY_BOUNSWEET,10000,25,True,True,True
762,STEENEE,STEENEE_NORMAL,141,78,94,POKEMON_TYPE_GRASS,POKEMON_TYPE_NONE,0,0,0.7,0.0875,8.2,1.025,0,3.0,0.85,BUDDY_NORMAL,NONE,FAMILY_BOUNSWEET,10000,25,True,True,True
763,TSAREENA,TSAREENA_NORMAL,176,222,195,POKEMON_TYPE_GRASS,POKEMON_TYPE_NONE,0,0,1.2,0.15,21.4,2.675,0,3.0,0.8,BUDDY_NORMAL,NONE,FAMILY_BOUNSWEET,10000,25,True,True,True
764,COMFEY,COMFEY_NORMAL,139,165,215,POKEMON_TYPE_FAIRY,POKEMON_TYPE_NONE,0,0,0.1,0.0125,0.3,0.0375,0,3.0,0.5,BUDDY_NORMAL,NONE,FAMILY_COMFEY,50000,50,True,True,True
765,ORANGURU,ORANGURU_NORMAL,207,168,192,POKEMON_TYPE_NORMAL,POKEMON_TYPE_PSYCHIC,0,0,1.5,0.1875,76.0,9.5,0,3.0,3.5,BUDDY_NORMAL,NONE,FAMILY_ORANGURU,75000,75,True,True,True
766,PASSIMIAN,PASSIMIAN_NORMAL,225,222,160,POKEMON_TYPE_FIGHTING,POKEMON_TYPE_NONE,0,0,2.0,0.25,82.8,10.35,0,3.0,2.0,BUDDY_NORMAL,NONE,FAMILY_PASSIMIAN,75000,75,True,True,True
767,WIMPOD,WIMPOD_NORMAL,93,67,74,POKEMON_TYPE_BUG,POKEMON_TYPE_WATER,0,0,0.5,0.0625,12.0,1.5,0,1.0,0.5,BUDDY_NORMAL,NONE,FAMILY_WIMPOD,10000,25,True,True,True
768,GOLISOPOD,GOLISOPOD_NORMAL,181,218,226,POKEMON_TYPE_BUG,POKEMON_TYPE_WATER,0,0,2.0,0.25,108.0,13.5,0,1.0,2.0,BUDDY_BIG,NONE,FAMILY_WIMPOD,10000,25,True,True,True
769,SANDYGAST,SANDYGAST_NORMAL,146,120,118,POKEMON_TYPE_GHOST,POKEMON_TYPE_GROUND,0,0,0.5,0.0625,70.0,8.75,0,3.0,1.0,BUDDY_NORMAL,NONE,FAMILY_SANDYGAST,50000,50,True,True,True
770,PALOSSAND,PALOSSAND_NORMAL,198,178,178,POKEMON_TYPE_GHOST,POKEMON_TYPE_GROUND,0,0,1.3,0.1625,250.0,31.25,0,3.0,1.0,BUDDY_BIG,NONE,FAMILY_SANDYGAST,50000,50,True,True,True
771,PYUKUMUKU,PYUKUMUKU_NORMAL,146,97,224,POKEMON_TYPE_WATER,POKEMON_TYPE_NONE,0,0,0.3,0.0375,1.2,0.15,0,3.0,0.2,BUDDY_NORMAL,NONE,FAMILY_PYUKUMUKU,75000,75,True,True,True
772,TYPE_NULL,TYPE_NULL_NORMAL,216,184,184,POKEMON_TYPE_NORMAL,POKEMON_TYPE_NONE,0,0,1.9,0.2375,120.5,15.0625,0,20.0,1.0,BUDDY_NORMAL,POKEMON_CLASS_LEGENDARY,FAMILY_TYPE_NULL,100000,100,True,False,True
773,SILVALLY,SILVALLY_BUG/SILVALLY_DARK/SILVALLY_DRAGON/SILVALLY_ELECTRIC/SILVALLY_FAIRY/SILVALLY_FIGHTING/SILVALLY_FIRE/SILVALLY_FLYING/SILVALLY_GHOST/SILVALLY_GRASS/SILVALLY_GROUND/SILVALLY_ICE/SILVALLY_NORMAL/SILVALLY_POISON/SILVALLY_PSYCHIC/SILVALLY_ROCK/SILVALLY_STEEL/SILVALLY_WATER,216,198,198,POKEMON_TYPE_NORMAL,POKEMON_TYPE_NONE,0,0,2.3,0.2875,100.5,12.5625,0,20.0,1.0,BUDDY_NORMAL,POKEMON_CLASS_LEGENDARY,FAMILY_TYPE_NULL,100000,100,True,False,True
774,MINIOR,MINIOR_BLUE/MINIOR_GREEN/MINIOR_INDIGO/MINIOR_ORANGE/MINIOR_RED/MINIOR_VIOLET/MINIOR_YELLOW,155,116,194,POKEMON_TYPE_ROCK,POKEMON_TYPE_FLYING,0,0,0.3,0.0375,40.0,5.0,0,3.0,1.0,BUDDY_NORMAL,NONE,FAMILY_MINIOR,50000,50,True,True,True
775,KOMALA,KOMALA_NORMAL,163,216,165,POKEMON_TYPE_NORMAL,POKEMON_TYPE_NONE,0,0,0.4,0.05,19.9,2.4875,0,3.0,1.0,BUDDY_NORMAL,NONE,FAMILY_KOMALA,50000,50,True,True,True
776,TURTONATOR,TURTONATOR_NORMAL,155,165,215,POKEMON_TYPE_FIRE,POKEMON_TYPE_DRAGON,0,0,2.0,0.25,212.0,26.5,0,5.0,1.94,BUDDY_BIG,NONE,FAMILY_TURTONATOR,75000,75,True,True,True
777,TOGEDEMARU,TOGEDEMARU_NORMAL,163,190,145,POKEMON_TYPE_ELECTRIC,POKEMON_TYPE_STEEL,0,0,0.3,0.0375,3.3,0.4125,0,3.0,0.3,BUDDY_NORMAL,NONE,FAMILY_TOGEDEMARU,50000,50,True,True,True
778,MIMIKYU,MIMIKYU_BUSTED/MIMIKYU_DISGUISED,146,177,199,POKEMON_TYPE_GHOST,POKEMON_TYPE_FAIRY,0,0,0.2,0.025,0.7,0.0875,0,5.0,0.5,BUDDY_NORMAL,NONE,FAMILY_MIMIKYU,50000,50,True,True,True
779,BRUXISH,BRUXISH_NORMAL,169,208,145,POKEMON_TYPE_WATER,POKEMON_TYPE_PSYCHIC,0,0,0.9,0.1125,19.0,2.375,0,3.0,0.92,BUDDY_NORMAL,NONE,FAMILY_BRUXISH,50000,50,True,True,True
780,DRAMPA,DRAMPA_NORMAL,186,231,164,POKEMON_TYPE_NORMAL,POKEMON_TYPE_DRAGON,0,0,3.0,0.375,185.0,23.125,0,5.0,1.43,BUDDY_NORMAL,NONE,FAMILY_DRAMPA,75000,75,True,True,True
781,DHELMISE,DHELMISE_NORMAL,172,233,179,POKEMON_TYPE_GHOST,POKEMON_TYPE_GRASS,0,0,3.9,0.4875,210.0,26.25,0,5.0,4.1,BUDDY_BIG,NONE,FAMILY_DHELMISE,50000,50,True,True,True
782,JANGMO_O,JANGMO_O_NORMAL,128,102,108,POKEMON_TYPE_DRAGON,POKEMON_TYPE_NONE,0,0,0.6,0.075,29.7,3.7125,0,5.0,0.6,BUDDY_NORMAL,NONE,FAMILY_JANGMO_O,75000,75,True,True,True
783,HAKAMO_O,HAKAMO_O_NORMAL,146,145,162,POKEMON_TYPE_DRAGON,POKEMON_TYPE_FIGHTING,0,0,1.2,0.15,47.0,5.875,0,5.0,1.2,BUDDY_NORMAL,NONE,FAMILY_JANGMO_O,75000,75,True,True,True
784,KOMMO_O,KOMMO_O_NORMAL,181,222,240,POKEMON_TYPE_DRAGON,POKEMON_TYPE_FIGHTING,0,0,1.6,0.2,78.2,9.775,0,5.0,1.6,BUDDY_BIG,NONE,FAMILY_JANGMO_O,75000,75,True,True,True
785,TAPU_KOKO,TAPU_KOKO_NORMAL,172,250,181,POKEMON_TYPE_ELECTRIC,POKEMON_TYPE_FAIRY,0,0,1.8,0.225,20.5,2.5625,0,20.0,1.76,BUDDY_NORMAL,POKEMON_CLASS_LEGENDARY,FAMILY_TAPU_KOKO,100000,100,True,False,True
786,TAPU_LELE,TAPU_LELE_NORMAL,172,259,208,POKEMON_TYPE_PSYCHIC,POKEMON_TYPE_FAIRY,0,0,1.2,0.15,18.6,2.325,0,20.0,1.16,BUDDY_NORMAL,POKEMON_CLASS_LEGENDARY,FAMILY_TAPU_LELE,100000,100,True,False,True
787,TAPU_BULU,TAPU_BULU_NORMAL,172,249,215,POKEMON_TYPE_GRASS,POKEMON_TYPE_FAIRY,0,0,1.9,0.2375,45.5,5.6875,0,20.0,1.81,BUDDY_NORMAL,POKEMON_CLASS_LEGENDARY,FAMILY_TAPU_BULU,100000,100,True,False,True
788,TAPU_FINI,TAPU_FINI_NORMAL,172,189,254,POKEMON_TYPE_WATER,POKEMON_TYPE_FAIRY,0,0,1.3,0.1625,21.2,2.65,0,20.0,1.24,BUDDY_NORMAL,POKEMON_CLASS_LEGENDARY,FAMILY_TAPU_FINI,100000,100,True,False,True
789,COSMOG,COSMOG_NORMAL,125,54,57,POKEMON_TYPE_PSYCHIC,POKEMON_TYPE_NONE,0,0,0.2,0.025,0.1,0.0125,0,20.0,0.3,BUDDY_NORMAL,POKEMON_CLASS_LEGENDARY,FAMILY_COSMOG,100000,100,True,False,True
790,COSMOEM,COSMOEM_NORMAL,125,54,242,POKEMON_TYPE_PSYCHIC,POKEMON_TYPE_NONE,0,0,0.1,0.0125,999.9,124.9875,0,20.0,0.2,BUDDY_NORMAL,POKEMON_CLASS_LEGENDARY,FAMILY_COSMOG,100000,100,True,False,True
791,SOLGALEO,SOLGALEO_NORMAL,264,255,191,POKEMON_TYPE_PSYCHIC,POKEMON_TYPE_STEEL,0,0,3.4,0.425,230.0,28.75,0,20.0,3.3,BUDDY_NORMAL,POKEMON_CLASS_LEGENDARY,FAMILY_COSMOG,100000,100,True,False,True
792,LUNALA,LUNALA_NORMAL,264,255,191,POKEMON_TYPE_PSYCHIC,POKEMON_TYPE_GHOST,0,0,4.0,0.5,120.0,15.0,0,20.0,4.0,BUDDY_FLYING,POKEMON_CLASS_LEGENDARY,FAMILY_COSMOG,100000,100,True,False,True
793,NIHILEGO,NIHILEGO_NORMAL,240,249,210,POKEMON_TYPE_ROCK,POKEMON_TYPE_POISON,0,0,1.2,0.15,55.5,6.9375,0,20.0,1.2,BUDDY_FLYING,POKEMON_CLASS_ULTRA_BEAST,FAMILY_NIHILEGO,100000,100,True,False,True
794,BUZZWOLE,BUZZWOLE_NORMAL,216,236,196,POKEMON_TYPE_BUG,POKEMON_TYPE_FIGHTING,0,0,2.4,0.3,333.6,41.7,0,20.0,2.4,BUDDY_BIG,POKEMON_CLASS_ULTRA_BEAST,FAMILY_BUZZWOLE,100000,100,True,False,True
795,PHEROMOSA,PHEROMOSA_NORMAL,174,316,85,POKEMON_TYPE_BUG,POKEMON_TYPE_FIGHTING,0,0,1.8,0.225,25.0,3.125,0,20.0,1.65,BUDDY_BIG,POKEMON_CLASS_ULTRA_BEAST,FAMILY_PHEROMOSA,100000,100,True,False,True
796,XURKITREE,XURKITREE_NORMAL,195,330,144,POKEMON_TYPE_ELECTRIC,POKEMON_TYPE_NONE,0,0,3.8,0.475,100.0,12.5,0,20.0,3.8,BUDDY_BIG,POKEMON_CLASS_ULTRA_BEAST,FAMILY_XURKITREE,100000,100,True,False,True
797,CELESTEELA,CELESTEELA_NORMAL,219,207,199,POKEMON_TYPE_STEEL,POKEMON_TYPE_FLYING,0,0,9.2,1.15,999.9,124.9875,0,20.0,7.5,BUDDY_BIG,POKEMON_CLASS_ULTRA_BEAST,FAMILY_CELESTEELA,100000,100,True,False,True
798,KARTANA,KARTANA_NORMAL,139,323,182,POKEMON_TYPE_GRASS,POKEMON_TYPE_STEEL,0,0,0.3,0.0375,0.1,0.0125,0,20.0,0.3,BUDDY_NORMAL,POKEMON_CLASS_ULTRA_BEAST,FAMILY_KARTANA,100000,100,True,False,True
799,GUZZLORD,GUZZLORD_NORMAL,440,188,99,POKEMON_TYPE_DARK,POKEMON_TYPE_DRAGON,0,0,5.5,0.6875,888.0,111.0,0,20.0,5.59,BUDDY_BIG,POKEMON_CLASS_ULTRA_BEAST,FAMILY_GUZZLORD,100000,100,True,False,True
800,NECROZMA,NECROZMA_DAWN_WINGS/NECROZMA_DUSK_MANE/NECROZMA_NORMAL/NECROZMA_ULTRA,219,251,195,POKEMON_TYPE_PSYCHIC,POKEMON_TYPE_NONE,0,0,2.4,0.3,230.0,28.75,0,20.0,2.59,BUDDY_NORMAL,POKEMON_CLASS_LEGENDARY,FAMILY_NECROZMA,100000,100,True,False,True
801,MAGEARNA,MAGEARNA_NORMAL/MAGEARNA_ORIGINAL_COLOR,190,246,225,POKEMON_TYPE_STEEL,POKEMON_TYPE_FAIRY,0,0,1.0,0.125,80.5,10.0625,0,20.0,1.0,BUDDY_NORMAL,POKEMON_CLASS_MYTHIC,FAMILY_MAGEARNA,100000,100,False,False,False
802,MARSHADOW,MARSHADOW_NORMAL,207,265,190,POKEMON_TYPE_FIGHTING,POKEMON_TYPE_GHOST,0,0,0.7,0.0875,22.2,2.775,0,20.0,0.7,BUDDY_NORMAL,POKEMON_CLASS_MYTHIC,FAMILY_MARSHADOW,100000,100,False,False,False
803,POIPOLE,POIPOLE_NORMAL,167,145,133,POKEMON_TYPE_POISON,POKEMON_TYPE_NONE,0,0,0.6,0.075,1.8,0.225,0,20.0,0.6,BUDDY_NORMAL,POKEMON_CLASS_ULTRA_BEAST,FAMILY_POIPOLE,100000,100,True,False,True
804,NAGANADEL,NAGANADEL_NORMAL,177,263,159,POKEMON_TYPE_POISON,POKEMON_TYPE_DRAGON,0,0,3.6,0.45,150.0,18.75,0,20.0,3.5,BUDDY_FLYING,POKEMON_CLASS_ULTRA_BEAST,FAMILY_POIPOLE,100000,100,True,False,True
805,STAKATAKA,STAKATAKA_NORMAL,156,213,298,POKEMON_TYPE_ROCK,POKEMON_TYPE_STEEL,0,0,5.5,0.6875,820.0,102.5,0,20.0,12.0,BUDDY_BIG,POKEMON_CLASS_ULTRA_BEAST,FAMILY_STAKATAKA,100000,100,True,False,True
806,BLACEPHALON,BLACEPHALON_NORMAL,142,315,148,POKEMON_TYPE_FIRE,POKEMON_TYPE_GHOST,0,0,1.8,0.225,13.0,1.625,0,20.0,1.0,BUDDY_BIG,POKEMON_CLASS_ULTRA_BEAST,FAMILY_BLACEPHALON,100000,100,True,False,True
807,ZERAORA,ZERAORA_NORMAL,204,252,177,POKEMON_TYPE_ELECTRIC,POKEMON_TYPE_NONE,0,0,1.5,0.1875,44.5,5.5625,0,20.0,1.0,BUDDY_NORMAL,POKEMON_CLASS_MYTHIC,FAMILY_ZERAORA,100000,100,False,False,False
808,MELTAN,MELTAN_NORMAL,130,118,99,POKEMON_TYPE_STEEL,POKEMON_TYPE_NONE,0,0,0.2,0.025,8.0,1.0,25,20.0,0.2,BUDDY_NORMAL,POKEMON_CLASS_MYTHIC,FAMILY_MELTAN,100000,100,True,True,True
809,MELMETAL,MELMETAL_NORMAL,264,226,190,POKEMON_TYPE_STEEL,POKEMON_TYPE_NONE,0,0,2.5,0.3125,800.0,100.0,25,20.0,2.49,BUDDY_BIG,POKEMON_CLASS_MYTHIC,FAMILY_MELTAN,100000,100,True,True,True
810,GROOKEY,GROOKEY_NORMAL,137,122,91,POKEMON_TYPE_GRASS,POKEMON_TYPE_NONE,0,0,0.3,0.0375,5.0,0.625,0,3.0,0.43,BUDDY_NORMAL,NONE,FAMILY_GROOKEY,10000,25,True,True,True
811,THWACKEY,THWACKEY_NORMAL,172,165,134,POKEMON_TYPE_GRASS,POKEMON_TYPE_NONE,0,0,0.7,0.0875,14.0,1.75,0,3.0,1.07,BUDDY_NORMAL,NONE,FAMILY_GROOKEY,10000,25,True,True,True
812,RILLABOOM,RILLABOOM_NORMAL,225,239,168,POKEMON_TYPE_GRASS,POKEMON_TYPE_NONE,0,0,2.1,0.2625,90.0,11.25,0,3.0,2.13,BUDDY_BIG,NONE,FAMILY_GROOKEY,10000,25,True,True,True
813,SCORBUNNY,SCORBUNNY_NORMAL,137,132,79,POKEMON_TYPE_FIRE,POKEMON_TYPE_NONE,0,0,0.3,0.0375,4.5,0.5625,0,3.0,0.56,BUDDY_NORMAL,NONE,FAMILY_SCORBUNNY,10000,25,True,True,True
814,RABOOT,RABOOT_NORMAL,163,170,125,POKEMON_TYPE_FIRE,POKEMON_TYPE_NONE,0,0,0.6,0.075,9.0,1.125,0,3.0,0.85,BUDDY_NORMAL,NONE,FAMILY_SCORBUNNY,10000,25,True,True,True
815,CINDERACE,CINDERACE_NORMAL,190,238,163,POKEMON_TYPE_FIRE,POKEMON_TYPE_NONE,0,0,1.4,0.175,33.0,4.125,0,3.0,1.25,BUDDY_NORMAL,NONE,FAMILY_SCORBUNNY,10000,25,True,True,True
816,SOBBLE,SOBBLE_NORMAL,137,132,79,POKEMON_TYPE_WATER,POKEMON_TYPE_NONE,0,0,0.3,0.0375,4.0,0.5,0,3.0,0.43,BUDDY_NORMAL,NONE,FAMILY_SOBBLE,10000,25,True,True,True
817,DRIZZILE,DRIZZILE_NORMAL,163,186,113,POKEMON_TYPE_WATER,POKEMON_TYPE_NONE,0,0,0.7,0.0875,11.5,1.4375,0,3.0,0.6,BUDDY_NORMAL,NONE,FAMILY_SOBBLE,10000,25,True,True,True
818,INTELEON,INTELEON_NORMAL,172,262,142,POKEMON_TYPE_WATER,POKEMON_TYPE_NONE,0,0,1.9,0.2375,45.2,5.65,0,3.0,2.13,BUDDY_BIG,NONE,FAMILY_SOBBLE,10000,25,True,True,True
819,SKWOVET,SKWOVET_NORMAL,172,95,86,POKEMON_TYPE_NORMAL,POKEMON_TYPE_NONE,0,0,0.3,0.0375,2.5,0.3125,0,1.0,1.0,BUDDY_NORMAL,NONE,FAMILY_SKWOVET,10000,25,True,True,True
820,GREEDENT,GREEDENT_NORMAL,260,160,156,POKEMON_TYPE_NORMAL,POKEMON_TYPE_NONE,0,0,0.6,0.075,6.0,0.75,0,1.0,1.0,BUDDY_NORMAL,NONE,FAMILY_SKWOVET,10000,25,True,True,True
821,ROOKIDEE,ROOKIDEE_NORMAL,116,88,67,POKEMON_TYPE_FLYING,POKEMON_TYPE_NONE,0,0,0.2,0.025,1.8,0.225,0,1.0,0.31,BUDDY_NORMAL,NONE,FAMILY_ROOKIDEE,10000,25,True,True,True
822,CORVISQUIRE,CORVISQUIRE_NORMAL,169,129,110,POKEMON_TYPE_FLYING,POKEMON_TYPE_NONE,0,0,0.8,0.1,16.0,2.0,0,1.0,0.82,BUDDY_NORMAL,NONE,FAMILY_ROOKIDEE,10000,25,True,True,True
823,CORVIKNIGHT,CORVIKNIGHT_NORMAL,221,163,192,POKEMON_TYPE_FLYING,POKEMON_TYPE_STEEL,0,0,2.2,0.275,75.0,9.375,0,1.0,2.2,BUDDY_BIG,NONE,FAMILY_ROOKIDEE,10000,25,True,True,True
824,BLIPBUG,BLIPBUG_NORMAL,93,46,67,POKEMON_TYPE_BUG,POKEMON_TYPE_NONE,0,0,0.4,0.05,8.0,1.0,0,1.0,0.4,BUDDY_NORMAL,NONE,FAMILY_BLIPBUG,10000,25,True,True,True
825,DOTTLER,DOTTLER_NORMAL,137,87,157,POKEMON_TYPE_BUG,POKEMON_TYPE_PSYCHIC,0,0,0.4,0.05,19.5,2.4375,0,1.0,0.6,BUDDY_NORMAL,NONE,FAMILY_BLIPBUG,10000,25,True,True,True
826,ORBEETLE,ORBEETLE_NORMAL,155,156,240,POKEMON_TYPE_BUG,POKEMON_TYPE_PSYCHIC,0,0,0.4,0.05,40.8,5.1,0,1.0,0.6,BUDDY_NORMAL,NONE,FAMILY_BLIPBUG,10000,25,True,True,True
827,NICKIT,NICKIT_NORMAL,120,85,82,POKEMON_TYPE_DARK,POKEMON_TYPE_NONE,0,0,0.6,0.075,8.9,1.1125,0,1.0,0.6,BUDDY_NORMAL,NONE,FAMILY_NICKIT,10000,25,True,True,True
828,THIEVUL,THIEVUL_NORMAL,172,172,164,POKEMON_TYPE_DARK,POKEMON_TYPE_NONE,0,0,1.2,0.15,19.9,2.4875,0,1.0,1.37,BUDDY_NORMAL,NONE,FAMILY_NICKIT,10000,25,True,True,True
829,GOSSIFLEUR,GOSSIFLEUR_NORMAL,120,70,104,POKEMON_TYPE_GRASS,POKEMON_TYPE_NONE,0,0,0.4,0.05,2.2,0.275,0,3.0,0.4,BUDDY_NORMAL,NONE,FAMILY_GOSSIFLEUR,50000,50,True,True,True
830,ELDEGOSS,ELDEGOSS_NORMAL,155,148,211,POKEMON_TYPE_GRASS,POKEMON_TYPE_NONE,0,0,0.5,0.0625,2.5,0.3125,0,3.0,0.48,BUDDY_NORMAL,NONE,FAMILY_GOSSIFLEUR,50000,50,True,True,True
831,WOOLOO,WOOLOO_NORMAL,123,76,97,POKEMON_TYPE_NORMAL,POKEMON_TYPE_NONE,0,0,0.6,0.075,6.0,0.75,0,3.0,1.0,BUDDY_NORMAL,NONE,FAMILY_WOOLOO,10000,25,True,True,True
832,DUBWOOL,DUBWOOL_NORMAL,176,159,198,POKEMON_TYPE_NORMAL,POKEMON_TYPE_NONE,0,0,1.3,0.1625,43.0,5.375,0,3.0,1.0,BUDDY_NORMAL,NONE,FAMILY_WOOLOO,10000,25,True,True,True
833,CHEWTLE,CHEWTLE_NORMAL,137,114,85,POKEMON_TYPE_WATER,POKEMON_TYPE_NONE,0,0,0.3,0.0375,8.5,1.0625,0,3.0,1.0,BUDDY_NORMAL,NONE,FAMILY_CHEWTLE,50000,50,True,True,True
834,DREDNAW,DREDNAW_NORMAL,207,213,164,POKEMON_TYPE_WATER,POKEMON_TYPE_ROCK,0,0,1.0,0.125,115.5,14.4375,0,3.0,1.0,BUDDY_NORMAL,NONE,FAMILY_CHEWTLE,50000,50,True,True,True
835,YAMPER,YAMPER_NORMAL,153,80,90,POKEMON_TYPE_ELECTRIC,POKEMON_TYPE_NONE,0,0,0.3,0.0375,13.5,1.6875,0,1.0,0.44,BUDDY_NORMAL,NONE,FAMILY_YAMPER,50000,50,True,True,True
836,BOLTUND,BOLTUND_NORMAL,170,197,131,POKEMON_TYPE_ELECTRIC,POKEMON_TYPE_NONE,0,0,1.0,0.125,34.0,4.25,0,1.0,1.0,BUDDY_NORMAL,NONE,FAMILY_YAMPER,50000,50,True,True,True
837,ROLYCOLY,ROLYCOLY_NORMAL,102,73,91,POKEMON_TYPE_ROCK,POKEMON_TYPE_NONE,0,0,0.3,0.0375,12.0,1.5,0,3.0,0.3,BUDDY_NORMAL,NONE,FAMILY_ROLYCOLY,10000,25,True,True,True
838,CARKOL,CARKOL_NORMAL,190,114,157,POKEMON_TYPE_ROCK,POKEMON_TYPE_FIRE,0,0,1.1,0.1375,78.0,9.75,0,3.0,1.1,BUDDY_NORMAL,NONE,FAMILY_ROLYCOLY,10000,25,True,True,True
839,COALOSSAL,COALOSSAL_NORMAL,242,146,198,POKEMON_TYPE_ROCK,POKEMON_TYPE_FIRE,0,0,2.8,0.35,310.5,38.8125,0,3.0,2.8,BUDDY_BIG,NONE,FAMILY_ROLYCOLY,10000,25,True,True,True
840,APPLIN,APPLIN_NORMAL,120,71,116,POKEMON_TYPE_GRASS,POKEMON_TYPE_DRAGON,0,0,0.2,0.025,0.5,0.0625,0,5.0,0.2,BUDDY_NORMAL,NONE,FAMILY_APPLIN,75000,75,True,True,True
841,FLAPPLE,FLAPPLE_NORMAL,172,214,144,POKEMON_TYPE_GRASS,POKEMON_TYPE_DRAGON,0,0,0.3,0.0375,1.0,0.125,0,5.0,0.3,BUDDY_FLYING,NONE,FAMILY_APPLIN,75000,75,True,True,True
842,APPLETUN,APPLETUN_NORMAL,242,178,146,POKEMON_TYPE_GRASS,POKEMON_TYPE_DRAGON,0,0,0.4,0.05,13.0,1.625,0,5.0,0.4,BUDDY_NORMAL,NONE,FAMILY_APPLIN,75000,75,True,True,True
843,SILICOBRA,SILICOBRA_NORMAL,141,103,123,POKEMON_TYPE_GROUND,POKEMON_TYPE_NONE,0,0,2.2,0.275,7.6,0.95,0,3.0,0.59,BUDDY_NORMAL,NONE,FAMILY_SILICOBRA,50000,50,True,True,True
844,SANDACONDA,SANDACONDA_NORMAL,176,202,207,POKEMON_TYPE_GROUND,POKEMON_TYPE_NONE,0,0,3.8,0.475,65.5,8.1875,0,3.0,0.8,BUDDY_BIG,NONE,FAMILY_SILICOBRA,50000,50,True,True,True
845,CRAMORANT,CRAMORANT_NORMAL,172,173,163,POKEMON_TYPE_FLYING,POKEMON_TYPE_WATER,0,0,0.8,0.1,18.0,2.25,0,3.0,1.0,BUDDY_NORMAL,NONE,FAMILY_CRAMORANT,50000,50,True,True,True
846,ARROKUDA,ARROKUDA_NORMAL,121,118,72,POKEMON_TYPE_WATER,POKEMON_TYPE_NONE,0,0,0.5,0.0625,1.0,0.125,0,3.0,1.0,BUDDY_NORMAL,NONE,FAMILY_ARROKUDA,50000,50,True,True,True
847,BARRASKEWDA,BARRASKEWDA_NORMAL,156,258,127,POKEMON_TYPE_WATER,POKEMON_TYPE_NONE,0,0,1.3,0.1625,30.0,3.75,0,3.0,1.0,BUDDY_NORMAL,NONE,FAMILY_ARROKUDA,50000,50,True,True,True
848,TOXEL,TOXEL_NORMAL,120,97,65,POKEMON_TYPE_ELECTRIC,POKEMON_TYPE_POISON,0,0,0.4,0.05,11.0,1.375,0,5.0,0.39,BUDDY_NORMAL,NONE,FAMILY_TOXEL,75000,75,True,True,True
849,TOXTRICITY,TOXTRICITY_AMPED/TOXTRICITY_LOW_KEY,181,224,140,POKEMON_TYPE_ELECTRIC,POKEMON_TYPE_POISON,0,0,1.6,0.2,40.0,5.0,0,5.0,1.6,BUDDY_NORMAL,NONE,FAMILY_TOXEL,75000,75,True,True,True
850,SIZZLIPEDE,SIZZLIPEDE_NORMAL,137,118,90,POKEMON_TYPE_FIRE,POKEMON_TYPE_BUG,0,0,0.7,0.0875,1.0,0.125,0,5.0,1.19,BUDDY_NORMAL,NONE,FAMILY_SIZZLIPEDE,75000,75,True,True,True
851,CENTISKORCH,CENTISKORCH_NORMAL,225,220,158,POKEMON_TYPE_FIRE,POKEMON_TYPE_BUG,0,0,3.0,0.375,120.0,15.0,0,5.0,0.94,BUDDY_NORMAL,NONE,FAMILY_SIZZLIPEDE,75000,75,True,True,True
852,CLOBBOPUS,CLOBBOPUS_NORMAL,137,121,103,POKEMON_TYPE_FIGHTING,POKEMON_TYPE_NONE,0,0,0.6,0.075,4.0,0.5,0,3.0,1.0,BUDDY_NORMAL,NONE,FAMILY_CLOBBOPUS,50000,50,True,True,True
853,GRAPPLOCT,GRAPPLOCT_NORMAL,190,209,162,POKEMON_TYPE_FIGHTING,POKEMON_TYPE_NONE,0,0,1.6,0.2,39.0,4.875,0,3.0,1.0,BUDDY_NORMAL,NONE,FAMILY_CLOBBOPUS,50000,50,True,True,True
854,SINISTEA,SINISTEA_ANTIQUE/SINISTEA_PHONY,120,134,96,POKEMON_TYPE_GHOST,POKEMON_TYPE_NONE,0,0,0.1,0.0125,0.2,0.025,0,3.0,1.38,BUDDY_NORMAL,NONE,FAMILY_SINISTEA,50000,50,True,True,True
855,POLTEAGEIST,POLTEAGEIST_ANTIQUE/POLTEAGEIST_PHONY,155,248,189,POKEMON_TYPE_GHOST,POKEMON_TYPE_NONE,0,0,0.2,0.025,0.4,0.05,0,3.0,1.0,BUDDY_NORMAL,NONE,FAMILY_SINISTEA,50000,50,True,True,True
856,HATENNA,HATENNA_NORMAL,123,98,93,POKEMON_TYPE_PSYCHIC,POKEMON_TYPE_NONE,0,0,0.4,0.05,3.4,0.425,0,5.0,1.42,BUDDY_NORMAL,NONE,FAMILY_HATENNA,50000,50,True,True,True
857,HATTREM,HATTREM_NORMAL,149,153,133,POKEMON_TYPE_PSYCHIC,POKEMON_TYPE_NONE,0,0,0.6,0.075,4.8,0.6,0,5.0,1.28,BUDDY_NORMAL,NONE,FAMILY_HATENNA,50000,50,True,True,True
858,HATTERENE,HATTERENE_NORMAL,149,237,182,POKEMON_TYPE_PSYCHIC,POKEMON_TYPE_FAIRY,0,0,2.1,0.2625,5.1,0.6375,0,5.0,0.83,BUDDY_NORMAL,NONE,FAMILY_HATENNA,50000,50,True,True,True
859,IMPIDIMP,IMPIDIMP_NORMAL,128,103,69,POKEMON_TYPE_DARK,POKEMON_TYPE_FAIRY,0,0,0.4,0.05,5.5,0.6875,0,5.0,1.0,BUDDY_NORMAL,NONE,FAMILY_IMPIDIMP,50000,50,True,True,True
860,MORGREM,MORGREM_NORMAL,163,145,102,POKEMON_TYPE_DARK,POKEMON_TYPE_FAIRY,0,0,0.8,0.1,12.5,1.5625,0,5.0,1.13,BUDDY_NORMAL,NONE,FAMILY_IMPIDIMP,50000,50,True,True,True
861,GRIMMSNARL,GRIMMSNARL_NORMAL,216,227,139,POKEMON_TYPE_DARK,POKEMON_TYPE_FAIRY,0,0,1.5,0.1875,61.0,7.625,0,5.0,0.88,BUDDY_NORMAL,NONE,FAMILY_IMPIDIMP,50000,50,True,True,True
862,OBSTAGOON,OBSTAGOON_NORMAL,212,180,194,POKEMON_TYPE_DARK,POKEMON_TYPE_NORMAL,0,0,1.6,0.2,46.0,5.75,0,3.0,1.38,BUDDY_NORMAL,NONE,FAMILY_ZIGZAGOON,10000,25,True,True,True
863,PERRSERKER,PERRSERKER_NORMAL,172,195,162,POKEMON_TYPE_STEEL,POKEMON_TYPE_NONE,0,0,0.8,0.1,28.0,3.5,0,3.0,0.8,BUDDY_NORMAL,NONE,FAMILY_MEOWTH,50000,50,True,True,True
864,CURSOLA,CURSOLA_NORMAL,155,253,182,POKEMON_TYPE_GHOST,POKEMON_TYPE_NONE,0,0,1.0,0.125,0.4,0.05,0,3.0,1.64,BUDDY_NORMAL,NONE,FAMILY_CORSOLA,50000,50,True,True,True
865,SIRFETCHD,SIRFETCHD_NORMAL,158,248,176,POKEMON_TYPE_FIGHTING,POKEMON_TYPE_NONE,0,0,0.8,0.1,117.0,14.625,0,3.0,0.75,BUDDY_NORMAL,NONE,FAMILY_FARFETCHD,50000,50,True,True,True
866,MR_RIME,MR_RIME_NORMAL,190,212,179,POKEMON_TYPE_ICE,POKEMON_TYPE_PSYCHIC,0,0,1.5,0.1875,58.2,7.275,0,5.0,1.3,BUDDY_NORMAL,NONE,FAMILY_MR_MIME,75000,75,True,True,True
867,RUNERIGUS,RUNERIGUS_NORMAL,151,163,237,POKEMON_TYPE_GROUND,POKEMON_TYPE_GHOST,0,0,1.6,0.2,66.6,8.325,0,3.0,1.7,BUDDY_BIG,NONE,FAMILY_YAMASK,50000,50,True,True,True
868,MILCERY,MILCERY_NORMAL,128,90,97,POKEMON_TYPE_FAIRY,POKEMON_TYPE_NONE,0,0,0.2,0.025,0.3,0.0375,0,3.0,1.0,BUDDY_NORMAL,NONE,FAMILY_MILCERY,50000,50,True,True,True
869,ALCREMIE,ALCREMIE_NORMAL,163,203,203,POKEMON_TYPE_FAIRY,POKEMON_TYPE_NONE,0,0,0.3,0.0375,0.5,0.0625,0,3.0,1.0,BUDDY_NORMAL,NONE,FAMILY_MILCERY,50000,50,True,True,True
870,FALINKS,FALINKS_GOFEST_2025_TRAIN_CONDUCTOR/FALINKS_NORMAL,163,193,170,POKEMON_TYPE_FIGHTING,POKEMON_TYPE_NONE,0,0,3.0,0.375,62.0,7.75,0,5.0,0.6,BUDDY_NORMAL,NONE,FAMILY_FALINKS,75000,75,True,True,True
871,PINCURCHIN,PINCURCHIN_NORMAL,134,176,161,POKEMON_TYPE_ELECTRIC,POKEMON_TYPE_NONE,0,0,0.3,0.0375,1.0,0.125,0,5.0,1.0,BUDDY_NORMAL,NONE,FAMILY_PINCURCHIN,75000,75,True,True,True
872,SNOM,SNOM_NORMAL,102,76,59,POKEMON_TYPE_ICE,POKEMON_TYPE_BUG,0,0,0.3,0.0375,3.8,0.475,0,5.0,0.35,BUDDY_NORMAL,NONE,FAMILY_SNOM,75000,75,True,True,True
873,FROSMOTH,FROSMOTH_NORMAL,172,230,155,POKEMON_TYPE_ICE,POKEMON_TYPE_BUG,0,0,1.3,0.1625,42.0,5.25,0,5.0,0.74,BUDDY_NORMAL,NONE,FAMILY_SNOM,75000,75,True,True,True
874,STONJOURNER,STONJOURNER_NORMAL,225,222,182,POKEMON_TYPE_ROCK,POKEMON_TYPE_NONE,0,0,2.5,0.3125,520.0,65.0,0,5.0,1.2,BUDDY_NORMAL,NONE,FAMILY_STONJOURNER,75000,75,True,True,True
875,EISCUE,EISCUE_ICE/EISCUE_NOICE,181,148,195,POKEMON_TYPE_ICE,POKEMON_TYPE_NONE,0,0,1.4,0.175,89.0,11.125,0,5.0,1.0,BUDDY_NORMAL,NONE,FAMILY_EISCUE,75000,75,True,True,True
876,INDEEDEE,INDEEDEE_FEMALE/INDEEDEE_MALE,155,208,166,POKEMON_TYPE_PSYCHIC,POKEMON_TYPE_NORMAL,0,0,0.9,0.1125,28.0,3.5,0,3.0,1.05,BUDDY_NORMAL,NONE,FAMILY_INDEEDEE,50000,50,True,True,True
877,MORPEKO,MORPEKO_FULL_BELLY/MORPEKO_HANGRY,151,192,121,POKEMON_TYPE_ELECTRIC,POKEMON_TYPE_DARK,0,0,0.3,0.0375,3.0,0.375,0,3.0,0.36,BUDDY_NORMAL,NONE,FAMILY_MORPEKO,50000,50,True,True,True
878,CUFANT,CUFANT_NORMAL,176,140,91,POKEMON_TYPE_STEEL,POKEMON_TYPE_NONE,0,0,1.2,0.15,100.0,12.5,0,5.0,1.0,BUDDY_NORMAL,NONE,FAMILY_CUFANT,75000,75,True,True,True
879,COPPERAJAH,COPPERAJAH_NORMAL,263,226,126,POKEMON_TYPE_STEEL,POKEMON_TYPE_NONE,0,0,1.2,0.15,100.0,12.5,0,5.0,1.0,BUDDY_NORMAL,NONE,FAMILY_CUFANT,75000,75,True,True,True
880,DRACOZOLT,DRACOZOLT_NORMAL,207,195,165,POKEMON_TYPE_ELECTRIC,POKEMON_TYPE_DRAGON,0,0,1.8,0.225,190.0,23.75,0,5.0,1.0,BUDDY_NORMAL,NONE,FAMILY_DRACOZOLT,75000,75,True,True,True
881,ARCTOZOLT,ARCTOZOLT_NORMAL,207,190,166,POKEMON_TYPE_ELECTRIC,POKEMON_TYPE_ICE,0,0,2.3,0.2875,150.0,18.75,0,5.0,1.0,BUDDY_NORMAL,NONE,FAMILY_ARCTOZOLT,75000,75,True,True,True
882,DRACOVISH,DRACOVISH_NORMAL,207,175,185,POKEMON_TYPE_WATER,POKEMON_TYPE_DRAGON,0,0,2.3,0.2875,215.0,26.875,0,5.0,1.0,BUDDY_NORMAL,NONE,FAMILY_DRACOVISH,75000,75,True,True,True
883,ARCTOVISH,ARCTOVISH_NORMAL,207,171,185,POKEMON_TYPE_WATER,POKEMON_TYPE_ICE,0,0,2.0,0.25,175.0,21.875,0,5.0,1.0,BUDDY_NORMAL,NONE,FAMILY_ARCTOVISH,75000,75,True,True,True
884,DURALUDON,DURALUDON_NORMAL,172,239,185,POKEMON_TYPE_STEEL,POKEMON_TYPE_DRAGON,0,0,1.8,0.225,40.0,5.0,0,5.0,1.0,BUDDY_NORMAL,NONE,FAMILY_DURALUDON,75000,75,True,True,True
885,DREEPY,DREEPY_NORMAL,99,117,61,POKEMON_TYPE_DRAGON,POKEMON_TYPE_GHOST,0,0,0.5,0.0625,2.0,0.25,0,5.0,0.48,BUDDY_NORMAL,NONE,FAMILY_DREEPY,75000,75,True,True,True
886,DRAKLOAK,DRAKLOAK_NORMAL,169,163,105,POKEMON_TYPE_DRAGON,POKEMON_TYPE_GHOST,0,0,1.4,0.175,11.0,1.375,0,5.0,0.65,BUDDY_NORMAL,NONE,FAMILY_DREEPY,75000,75,True,True,True
887,DRAGAPULT,DRAGAPULT_NORMAL,204,266,170,POKEMON_TYPE_DRAGON,POKEMON_TYPE_GHOST,0,0,3.0,0.375,50.0,6.25,0,5.0,1.73,BUDDY_NORMAL,NONE,FAMILY_DREEPY,75000,75,True,True,True
888,ZACIAN,ZACIAN_CROWNED_SWORD/ZACIAN_HERO,192,254,236,POKEMON_TYPE_FAIRY,POKEMON_TYPE_STEEL,0,0,2.8,0.35,110.0,13.75,0,20.0,2.8,BUDDY_BIG,POKEMON_CLASS_LEGENDARY,FAMILY_ZACIAN,100000,100,True,False,True
889,ZAMAZENTA,ZAMAZENTA_CROWNED_SHIELD/ZAMAZENTA_HERO,192,254,236,POKEMON_TYPE_FIGHTING,POKEMON_TYPE_STEEL,0,0,2.9,0.3625,210.0,26.25,0,20.0,2.8,BUDDY_BIG,POKEMON_CLASS_LEGENDARY,FAMILY_ZAMAZENTA,100000,100,True,False,True
890,ETERNATUS,ETERNATUS_ETERNAMAX/ETERNATUS_NORMAL,268,278,192,POKEMON_TYPE_POISON,POKEMON_TYPE_DRAGON,0,0,20.0,2.5,950.0,118.75,0,20.0,4.5,BUDDY_FLYING,POKEMON_CLASS_LEGENDARY,FAMILY_ETERNATUS,100000,100,False,False,False
891,KUBFU,KUBFU_NORMAL,155,170,112,POKEMON_TYPE_FIGHTING,POKEMON_TYPE_NONE,0,0,0.6,0.075,12.0,1.5,0,20.0,0.71,BUDDY_NORMAL,POKEMON_CLASS_LEGENDARY,FAMILY_KUBFU,100000,100,False,False,True
892,URSHIFU,URSHIFU_RAPID_STRIKE/URSHIFU_SINGLE_STRIKE,225,254,177,POKEMON_TYPE_FIGHTING,POKEMON_TYPE_NONE,0,0,1.9,0.2375,105.0,13.125,0,20.0,1.0,BUDDY_NORMAL,POKEMON_CLASS_LEGENDARY,FAMILY_KUBFU,100000,100,False,False,True
893,ZARUDE,ZARUDE_NORMAL,233,242,215,POKEMON_TYPE_DARK,POKEMON_TYPE_GRASS,0,0,1.8,0.225,70.0,8.75,0,20.0,1.0,BUDDY_BIG,POKEMON_CLASS_MYTHIC,FAMILY_ZARUDE,100000,100,False,False,False
894,REGIELEKI,REGIELEKI_NORMAL,190,250,125,POKEMON_TYPE_ELECTRIC,POKEMON_TYPE_NONE,0,0,1.2,0.15,145.0,18.125,0,20.0,0.85,BUDDY_NORMAL,POKEMON_CLASS_LEGENDARY,FAMILY_REGIELEKI,100000,100,True,False,True
895,REGIDRAGO,REGIDRAGO_NORMAL,400,202,101,POKEMON_TYPE_DRAGON,POKEMON_TYPE_NONE,0,0,2.1,0.2625,200.0,25.0,0,20.0,2.1,BUDDY_NORMAL,POKEMON_CLASS_LEGENDARY,FAMILY_REGIDRAGO,100000,100,True,False,True
896,GLASTRIER,GLASTRIER_NORMAL,225,246,223,POKEMON_TYPE_ICE,POKEMON_TYPE_NONE,0,0,2.2,0.275,800.0,100.0,0,20.0,1.0,BUDDY_NORMAL,POKEMON_CLASS_LEGENDARY,FAMILY_GLASTRIER,100000,100,True,False,True
897,SPECTRIER,SPECTRIER_NORMAL,205,273,146,POKEMON_TYPE_GHOST,POKEMON_TYPE_NONE,0,0,2.0,0.25,44.5,5.5625,0,20.0,1.0,BUDDY_NORMAL,POKEMON_CLASS_LEGENDARY,FAMILY_SPECTRIER,100000,100,True,False,True
898,CALYREX,CALYREX_ICE_RIDER/CALYREX_NORMAL/CALYREX_SHADOW_RIDER,225,162,162,POKEMON_TYPE_PSYCHIC,POKEMON_TYPE_GRASS,0,0,1.1,0.1375,7.7,0.9625,0,20.0,1.0,BUDDY_NORMAL,POKEMON_CLASS_LEGENDARY,FAMILY_CALYREX,100000,100,True,False,True
899,WYRDEER,WYRDEER_NORMAL,230,206,145,POKEMON_TYPE_NORMAL,POKEMON_TYPE_PSYCHIC,0,0,1.8,0.225,95.1,11.8875,25,5.0,1.8,BUDDY_NORMAL,NONE,FAMILY_STANTLER,75000,75,True,True,True
900,KLEAVOR,KLEAVOR_NORMAL,172,253,174,POKEMON_TYPE_BUG,POKEMON_TYPE_ROCK,0,0,1.8,0.225,89.0,11.125,25,5.0,1.0,BUDDY_NORMAL,NONE,FAMILY_SCYTHER,75000,75,True,True,True
901,URSALUNA,URSALUNA_NORMAL,277,243,181,POKEMON_TYPE_GROUND,POKEMON_TYPE_NORMAL,0,0,2.4,0.3,290.0,36.25,0,3.0,2.4,BUDDY_BIG,NONE,FAMILY_TEDDIURSA,50000,50,True,True,True
903,SNEASLER,SNEASLER_NORMAL,190,259,158,POKEMON_TYPE_FIGHTING,POKEMON_TYPE_POISON,0,0,1.3,0.1625,43.0,5.375,25,5.0,1.3,BUDDY_NORMAL,NONE,FAMILY_SNEASEL,75000,75,True,True,True
904,OVERQWIL,OVERQWIL_NORMAL,198,222,171,POKEMON_TYPE_DARK,POKEMON_TYPE_POISON,0,0,2.5,0.3125,60.5,7.5625,25,5.0,2.5,BUDDY_BIG,NONE,FAMILY_QWILFISH,75000,75,True,True,True
905,ENAMORUS,ENAMORUS_INCARNATE/ENAMORUS_THERIAN,179,281,162,POKEMON_TYPE_FAIRY,POKEMON_TYPE_FLYING,0,0,1.6,0.2,48.0,6.0,25,20.0,2.0,BUDDY_NORMAL,POKEMON_CLASS_LEGENDARY,FAMILY_ENAMORUS,100000,100,True,False,True
906,SPRIGATITO,SPRIGATITO_NORMAL,120,116,99,POKEMON_TYPE_GRASS,POKEMON_TYPE_NONE,0,0,0.4,0.05,4.1,0.5125,0,3.0,1.0,BUDDY_NORMAL,NONE,FAMILY_SPRIGATITO,10000,25,True,True,True
907,FLORAGATO,FLORAGATO_NORMAL,156,157,128,POKEMON_TYPE_GRASS,POKEMON_TYPE_NONE,0,0,0.9,0.1125,12.2,1.525,0,3.0,0.9,BUDDY_NORMAL,NONE,FAMILY_SPRIGATITO,10000,25,True,True,True
908,MEOWSCARADA,MEOWSCARADA_NORMAL,183,233,153,POKEMON_TYPE_GRASS,POKEMON_TYPE_DARK,0,0,1.5,0.1875,31.2,3.9,0,3.0,1.5,BUDDY_NORMAL,NONE,FAMILY_SPRIGATITO,10000,25,True,True,True
909,FUECOCO,FUECOCO_NORMAL,167,112,96,POKEMON_TYPE_FIRE,POKEMON_TYPE_NONE,0,0,0.4,0.05,9.8,1.225,0,3.0,0.44,BUDDY_NORMAL,NONE,FAMILY_FUECOCO,10000,25,True,True,True
910,CROCALOR,CROCALOR_NORMAL,191,162,134,POKEMON_TYPE_FIRE,POKEMON_TYPE_NONE,0,0,1.0,0.125,30.7,3.8375,0,3.0,1.0,BUDDY_NORMAL,NONE,FAMILY_FUECOCO,10000,25,True,True,True
911,SKELEDIRGE,SKELEDIRGE_NORMAL,232,207,178,POKEMON_TYPE_FIRE,POKEMON_TYPE_GHOST,0,0,1.6,0.2,326.5,40.8125,0,3.0,1.6,BUDDY_NORMAL,NONE,FAMILY_FUECOCO,10000,25,True,True,True
912,QUAXLY,QUAXLY_NORMAL,146,120,86,POKEMON_TYPE_WATER,POKEMON_TYPE_NONE,0,0,0.5,0.0625,6.1,0.7625,0,3.0,0.5,BUDDY_NORMAL,NONE,FAMILY_QUAXLY,10000,25,True,True,True
913,QUAXWELL,QUAXWELL_NORMAL,172,162,123,POKEMON_TYPE_WATER,POKEMON_TYPE_NONE,0,0,1.2,0.15,21.5,2.6875,0,3.0,1.2,BUDDY_BIG,NONE,FAMILY_QUAXLY,10000,25,True,True,True
914,QUAQUAVAL,QUAQUAVAL_NORMAL,198,236,159,POKEMON_TYPE_WATER,POKEMON_TYPE_FIGHTING,0,0,1.8,0.225,61.9,7.7375,0,3.0,1.8,BUDDY_BIG,NONE,FAMILY_QUAXLY,10000,25,True,True,True
915,LECHONK,LECHONK_NORMAL,144,81,79,POKEMON_TYPE_NORMAL,POKEMON_TYPE_NONE,0,0,0.5,0.0625,10.2,1.275,0,1.0,0.5,BUDDY_NORMAL,NONE,FAMILY_LECHONK,10000,25,True,True,True
916,OINKOLOGNE,OINKOLOGNE_FEMALE/OINKOLOGNE_NORMAL,242,186,153,POKEMON_TYPE_NORMAL,POKEMON_TYPE_NONE,0,0,1.0,0.125,120.0,15.0,0,1.0,1.0,BUDDY_NORMAL,NONE,FAMILY_LECHONK,10000,25,True,True,True
917,TAROUNTULA,TAROUNTULA_NORMAL,111,70,77,POKEMON_TYPE_BUG,POKEMON_TYPE_NONE,0,0,0.3,0.0375,4.0,0.5,0,1.0,0.5,BUDDY_BABY,NONE,FAMILY_TAROUNTULA,50000,50,True,True,True
918,SPIDOPS,SPIDOPS_NORMAL,155,139,166,POKEMON_TYPE_BUG,POKEMON_TYPE_NONE,0,0,1.0,0.125,16.5,2.0625,0,1.0,1.0,BUDDY_NORMAL,NONE,FAMILY_TAROUNTULA,50000,50,True,True,True
919,NYMBLE,NYMBLE_NORMAL,107,81,65,POKEMON_TYPE_BUG,POKEMON_TYPE_NONE,0,0,0.2,0.025,1.0,0.125,0,1.0,0.32,BUDDY_NORMAL,NONE,FAMILY_NYMBLE,50000,50,True,True,True
920,LOKIX,LOKIX_NORMAL,174,199,144,POKEMON_TYPE_BUG,POKEMON_TYPE_DARK,0,0,1.0,0.125,17.5,2.1875,0,1.0,1.0,BUDDY_NORMAL,NONE,FAMILY_NYMBLE,50000,50,True,True,True
921,PAWMI,PAWMI_NORMAL,128,95,45,POKEMON_TYPE_ELECTRIC,POKEMON_TYPE_NONE,0,0,0.3,0.0375,2.5,0.3125,0,3.0,0.3,BUDDY_NORMAL,NONE,FAMILY_PAWMI,75000,75,True,True,True
922,PAWMO,PAWMO_NORMAL,155,147,82,POKEMON_TYPE_ELECTRIC,POKEMON_TYPE_FIGHTING,0,0,0.4,0.05,6.5,0.8125,0,3.0,0.4,BUDDY_NORMAL,NONE,FAMILY_PAWMI,75000,75,True,True,True
923,PAWMOT,PAWMOT_NORMAL,172,232,141,POKEMON_TYPE_ELECTRIC,POKEMON_TYPE_FIGHTING,0,0,0.9,0.1125,41.0,5.125,0,3.0,0.9,BUDDY_NORMAL,NONE,FAMILY_PAWMI,75000,75,True,True,True
924,TANDEMAUS,TANDEMAUS_NORMAL,137,98,90,POKEMON_TYPE_NORMAL,POKEMON_TYPE_NONE,0,0,0.3,0.0375,1.8,0.225,0,1.0,1.0,BUDDY_NORMAL,NONE,FAMILY_TANDEMAUS,10000,25,True,True,True
925,MAUSHOLD,MAUSHOLD_FAMILY_OF_FOUR/MAUSHOLD_FAMILY_OF_THREE,179,159,157,POKEMON_TYPE_NORMAL,POKEMON_TYPE_NONE,0,0,0.3,0.0375,2.3,0.2875,0,1.0,1.0,BUDDY_NORMAL,NONE,FAMILY_TANDEMAUS,10000,25,True,True,True
926,FIDOUGH,FIDOUGH_NORMAL,114,102,126,POKEMON_TYPE_FAIRY,POKEMON_TYPE_NONE,0,0,0.3,0.0375,10.9,1.3625,0,3.0,0.38,BUDDY_NORMAL,NONE,FAMILY_FIDOUGH,50000,50,True,True,True
927,DACHSBUN,DACHSBUN_NORMAL,149,159,212,POKEMON_TYPE_FAIRY,POKEMON_TYPE_NONE,0,0,0.5,0.0625,14.9,1.8625,0,3.0,0.5,BUDDY_NORMAL,NONE,FAMILY_FIDOUGH,50000,50,True,True,True
928,SMOLIV,SMOLIV_NORMAL,121,100,89,POKEMON_TYPE_GRASS,POKEMON_TYPE_NORMAL,0,0,0.3,0.0375,6.5,0.8125,0,3.0,0.3,BUDDY_NORMAL,NONE,FAMILY_SMOLIV,50000,50,True,True,True
929,DOLLIV,DOLLIV_NORMAL,141,137,131,POKEMON_TYPE_GRASS,POKEMON_TYPE_NORMAL,0,0,0.6,0.075,11.9,1.4875,0,3.0,0.6,BUDDY_NORMAL,NONE,FAMILY_SMOLIV,50000,50,True,True,True
930,ARBOLIVA,ARBOLIVA_NORMAL,186,219,189,POKEMON_TYPE_GRASS,POKEMON_TYPE_NORMAL,0,0,1.4,0.175,48.2,6.025,0,3.0,1.4,BUDDY_NORMAL,NONE,FAMILY_SMOLIV,50000,50,True,True,True
931,SQUAWKABILLY,SQUAWKABILLY_BLUE/SQUAWKABILLY_GREEN/SQUAWKABILLY_WHITE/SQUAWKABILLY_YELLOW,193,185,105,POKEMON_TYPE_NORMAL,POKEMON_TYPE_FLYING,0,0,0.6,0.075,2.4,0.3,0,3.0,0,BUDDY_NORMAL,NONE,FAMILY_SQUAWKABILLY,75000,75,True,True,True
932,NACLI,NACLI_NORMAL,146,95,108,POKEMON_TYPE_ROCK,POKEMON_TYPE_NONE,0,0,0.4,0.05,16.0,2.0,0,5.0,0.5,BUDDY_NORMAL,NONE,FAMILY_NACLI,50000,50,True,True,True
933,NACLSTACK,NACLSTACK_NORMAL,155,105,160,POKEMON_TYPE_ROCK,POKEMON_TYPE_NONE,0,0,0.6,0.075,105.0,13.125,0,5.0,0.75,BUDDY_NORMAL,NONE,FAMILY_NACLI,50000,50,True,True,True
934,GARGANACL,GARGANACL_NORMAL,225,171,212,POKEMON_TYPE_ROCK,POKEMON_TYPE_NONE,0,0,2.3,0.2875,240.0,30.0,0,5.0,2.3,BUDDY_NORMAL,NONE,FAMILY_NACLI,50000,50,True,True,True
935,CHARCADET,CHARCADET_NORMAL,120,92,74,POKEMON_TYPE_FIRE,POKEMON_TYPE_NONE,0,0,0.6,0.075,10.5,1.3125,0,5.0,0.6,BUDDY_NORMAL,NONE,FAMILY_CHARCADET,50000,50,True,True,True
936,ARMAROUGE,ARMAROUGE_NORMAL,198,234,185,POKEMON_TYPE_FIRE,POKEMON_TYPE_PSYCHIC,0,0,1.5,0.1875,85.0,10.625,0,5.0,1.5,BUDDY_BIG,NONE,FAMILY_CHARCADET,50000,50,True,True,True
937,CERULEDGE,CERULEDGE_NORMAL,181,239,189,POKEMON_TYPE_FIRE,POKEMON_TYPE_GHOST,0,0,1.6,0.2,62.0,7.75,0,5.0,1.6,BUDDY_BIG,NONE,FAMILY_CHARCADET,50000,50,True,True,True
938,TADBULB,TADBULB_NORMAL,156,104,73,POKEMON_TYPE_ELECTRIC,POKEMON_TYPE_NONE,0,0,0.3,0.0375,0.4,0.05,0,1.0,0.45,BUDDY_NORMAL,NONE,FAMILY_TADBULB,50000,50,True,True,True
939,BELLIBOLT,BELLIBOLT_NORMAL,240,184,165,POKEMON_TYPE_ELECTRIC,POKEMON_TYPE_NONE,0,0,1.2,0.15,113.0,14.125,0,1.0,1.2,BUDDY_BIG,NONE,FAMILY_TADBULB,50000,50,True,True,True
940,WATTREL,WATTREL_NORMAL,120,105,75,POKEMON_TYPE_ELECTRIC,POKEMON_TYPE_FLYING,0,0,0.4,0.05,3.6,0.45,0,1.0,0.4,BUDDY_FLYING,NONE,FAMILY_WATTREL,10000,25,True,True,True
941,KILOWATTREL,KILOWATTREL_NORMAL,172,221,132,POKEMON_TYPE_ELECTRIC,POKEMON_TYPE_FLYING,0,0,1.4,0.175,38.6,4.825,0,1.0,2.29,BUDDY_FLYING,NONE,FAMILY_WATTREL,10000,25,True,True,True
942,MASCHIFF,MASCHIFF_NORMAL,155,140,108,POKEMON_TYPE_DARK,POKEMON_TYPE_NONE,0,0,0.5,0.0625,16.0,2.0,0,3.0,0,BUDDY_NORMAL,NONE,FAMILY_MASCHIFF,50000,50,True,True,True
943,MABOSSTIFF,MABOSSTIFF_NORMAL,190,230,168,POKEMON_TYPE_DARK,POKEMON_TYPE_NONE,0,0,1.1,0.1375,61.0,7.625,0,3.0,0,BUDDY_NORMAL,NONE,FAMILY_MASCHIFF,50000,50,True,True,True
944,SHROODLE,SHROODLE_NORMAL,120,124,70,POKEMON_TYPE_POISON,POKEMON_TYPE_NORMAL,0,0,0.2,0.025,0.7,0.0875,0,3.0,0.2,BUDDY_NORMAL,NONE,FAMILY_SHROODLE,50000,50,True,True,True
945,GRAFAIAI,GRAFAIAI_NORMAL,160,199,149,POKEMON_TYPE_POISON,POKEMON_TYPE_NORMAL,0,0,0.7,0.0875,27.2,3.4,0,3.0,0.7,BUDDY_NORMAL,NONE,FAMILY_SHROODLE,50000,50,True,True,True
946,BRAMBLIN,BRAMBLIN_NORMAL,120,121,64,POKEMON_TYPE_GRASS,POKEMON_TYPE_GHOST,0,0,0.6,0.075,0.6,0.075,0,5.0,0,BUDDY_NORMAL,NONE,FAMILY_BRAMBLIN,75000,75,True,True,True
947,BRAMBLEGHAST,BRAMBLEGHAST_NORMAL,146,228,144,POKEMON_TYPE_GRASS,POKEMON_TYPE_GHOST,0,0,1.2,0.15,6.0,0.75,0,5.0,0,BUDDY_NORMAL,NONE,FAMILY_BRAMBLIN,75000,75,True,True,True
948,TOEDSCOOL,TOEDSCOOL_NORMAL,120,97,149,POKEMON_TYPE_GROUND,POKEMON_TYPE_GRASS,0,0,0.9,0.1125,33.0,4.125,0,3.0,1.0,BUDDY_NORMAL,NONE,FAMILY_TOEDSCOOL,50000,50,True,True,True
949,TOEDSCRUEL,TOEDSCRUEL_NORMAL,190,166,209,POKEMON_TYPE_GROUND,POKEMON_TYPE_GRASS,0,0,1.9,0.2375,58.0,7.25,0,3.0,1.0,BUDDY_BIG,NONE,FAMILY_TOEDSCOOL,50000,50,True,True,True
950,KLAWF,KLAWF_NORMAL,172,184,185,POKEMON_TYPE_ROCK,POKEMON_TYPE_NONE,0,0,1.3,0.1625,79.0,9.875,0,3.0,1.3,BUDDY_NORMAL,NONE,FAMILY_KLAWF,75000,75,True,True,True
951,CAPSAKID,CAPSAKID_NORMAL,137,118,76,POKEMON_TYPE_GRASS,POKEMON_TYPE_NONE,0,0,0.3,0.0375,3.0,0.375,0,3.0,0,BUDDY_NORMAL,NONE,FAMILY_CAPSAKID,10000,25,True,True,True
952,SCOVILLAIN,SCOVILLAIN_NORMAL,163,216,130,POKEMON_TYPE_GRASS,POKEMON_TYPE_FIRE,0,0,0.9,0.1125,15.0,1.875,0,3.0,0,BUDDY_NORMAL,NONE,FAMILY_CAPSAKID,10000,25,True,True,True
953,RELLOR,RELLOR_NORMAL,121,86,108,POKEMON_TYPE_BUG,POKEMON_TYPE_NONE,0,0,0.2,0.025,1.0,0.125,0,5.0,0,BUDDY_NORMAL,NONE,FAMILY_RELLOR,75000,75,True,True,True
954,RABSCA,RABSCA_NORMAL,181,201,178,POKEMON_TYPE_BUG,POKEMON_TYPE_PSYCHIC,0,0,0.3,0.0375,3.5,0.4375,0,5.0,0,BUDDY_NORMAL,NONE,FAMILY_RELLOR,75000,75,True,True,True
955,FLITTLE,FLITTLE_NORMAL,102,105,60,POKEMON_TYPE_PSYCHIC,POKEMON_TYPE_NONE,0,0,0.2,0.025,1.5,0.1875,0,3.0,0,BUDDY_NORMAL,NONE,FAMILY_FLITTLE,50000,50,True,True,True
956,ESPATHRA,ESPATHRA_NORMAL,216,204,127,POKEMON_TYPE_PSYCHIC,POKEMON_TYPE_NONE,0,0,1.9,0.2375,90.0,11.25,0,3.0,0,BUDDY_NORMAL,NONE,FAMILY_FLITTLE,50000,50,True,True,True
957,TINKATINK,TINKATINK_NORMAL,137,85,110,POKEMON_TYPE_FAIRY,POKEMON_TYPE_STEEL,0,0,0.4,0.05,8.9,1.1125,0,3.0,0.44,BUDDY_NORMAL,NONE,FAMILY_TINKATINK,75000,75,True,True,True
958,TINKATUFF,TINKATUFF_NORMAL,163,109,145,POKEMON_TYPE_FAIRY,POKEMON_TYPE_STEEL,0,0,0.7,0.0875,59.1,7.3875,0,3.0,0.7,BUDDY_NORMAL,NONE,FAMILY_TINKATINK,75000,75,True,True,True
959,TINKATON,TINKATON_NORMAL,198,155,196,POKEMON_TYPE_FAIRY,POKEMON_TYPE_STEEL,0,0,0.7,0.0875,112.8,14.1,0,3.0,0.7,BUDDY_NORMAL,NONE,FAMILY_TINKATINK,75000,75,True,True,True
960,WIGLETT,WIGLETT_NORMAL,67,109,52,POKEMON_TYPE_WATER,POKEMON_TYPE_NONE,0,0,1.2,0.15,1.8,0.225,0,3.0,1.2,BUDDY_NORMAL,NONE,FAMILY_WIGLETT,50000,50,True,True,True
961,WUGTRIO,WUGTRIO_NORMAL,111,205,136,POKEMON_TYPE_WATER,POKEMON_TYPE_NONE,0,0,1.2,0.15,5.4,0.675,0,3.0,1.7,BUDDY_NORMAL,NONE,FAMILY_WIGLETT,50000,50,True,True,True
962,BOMBIRDIER,BOMBIRDIER_NORMAL,172,198,172,POKEMON_TYPE_FLYING,POKEMON_TYPE_DARK,0,0,1.5,0.1875,42.9,5.3625,0,5.0,1.5,BUDDY_FLYING,NONE,FAMILY_BOMBIRDIER,75000,75,True,True,True
963,FINIZEN,FINIZEN_NORMAL,172,90,80,POKEMON_TYPE_WATER,POKEMON_TYPE_NONE,0,0,1.3,0.1625,60.2,7.525,0,5.0,0,BUDDY_NORMAL,NONE,FAMILY_FINIZEN,75000,75,True,True,True
964,PALAFIN,PALAFIN_HERO/PALAFIN_ZERO,225,143,144,POKEMON_TYPE_WATER,POKEMON_TYPE_NONE,0,0,1.3,0.1625,60.2,7.525,0,5.0,0,BUDDY_NORMAL,NONE,FAMILY_FINIZEN,75000,75,True,True,True
965,VAROOM,VAROOM_NORMAL,128,123,107,POKEMON_TYPE_STEEL,POKEMON_TYPE_POISON,0,0,1.0,0.125,35.0,4.375,0,3.0,1.0,BUDDY_NORMAL,NONE,FAMILY_VAROOM,50000,50,True,True,True
966,REVAVROOM,REVAVROOM_NORMAL,190,229,168,POKEMON_TYPE_STEEL,POKEMON_TYPE_POISON,0,0,1.8,0.225,120.0,15.0,0,3.0,1.8,BUDDY_NORMAL,NONE,FAMILY_VAROOM,50000,50,True,True,True
967,CYCLIZAR,CYCLIZAR_NORMAL,172,205,142,POKEMON_TYPE_DRAGON,POKEMON_TYPE_NORMAL,0,0,1.6,0.2,63.0,7.875,0,3.0,0,BUDDY_NORMAL,NONE,FAMILY_CYCLIZAR,75000,75,True,True,True
968,ORTHWORM,ORTHWORM_NORMAL,172,161,219,POKEMON_TYPE_STEEL,POKEMON_TYPE_NONE,0,0,2.5,0.3125,310.0,38.75,0,5.0,2.31,BUDDY_NORMAL,NONE,FAMILY_ORTHWORM,75000,75,True,True,True
969,GLIMMET,GLIMMET_NORMAL,134,187,104,POKEMON_TYPE_ROCK,POKEMON_TYPE_POISON,0,0,0.7,0.0875,8.0,1.0,0,3.0,0.7,BUDDY_FLYING,NONE,FAMILY_GLIMMET,50000,50,True,True,True
970,GLIMMORA,GLIMMORA_NORMAL,195,246,177,POKEMON_TYPE_ROCK,POKEMON_TYPE_POISON,0,0,1.5,0.1875,45.0,5.625,0,3.0,1.5,BUDDY_FLYING,NONE,FAMILY_GLIMMET,50000,50,True,True,True
971,GREAVARD,GREAVARD_NORMAL,137,105,106,POKEMON_TYPE_GHOST,POKEMON_TYPE_NONE,0,0,0.6,0.075,35.0,4.375,0,3.0,0.6,BUDDY_NORMAL,NONE,FAMILY_GREAVARD,50000,50,True,True,True
972,HOUNDSTONE,HOUNDSTONE_NORMAL,176,186,195,POKEMON_TYPE_GHOST,POKEMON_TYPE_NONE,0,0,2.0,0.25,15.0,1.875,0,3.0,2.0,BUDDY_BIG,NONE,FAMILY_GREAVARD,50000,50,True,True,True
973,FLAMIGO,FLAMIGO_NORMAL,193,227,145,POKEMON_TYPE_FLYING,POKEMON_TYPE_FIGHTING,0,0,1.6,0.2,37.0,4.625,0,3.0,1.6,BUDDY_NORMAL,NONE,FAMILY_FLAMIGO,75000,75,True,True,True
974,CETODDLE,CETODDLE_NORMAL,239,119,80,POKEMON_TYPE_ICE,POKEMON_TYPE_NONE,0,0,1.2,0.15,45.0,5.625,0,3.0,1.2,BUDDY_NORMAL,NONE,FAMILY_CETODDLE,50000,50,True,True,True
975,CETITAN,CETITAN_NORMAL,347,208,123,POKEMON_TYPE_ICE,POKEMON_TYPE_NONE,0,0,4.5,0.5625,700.0,87.5,0,3.0,4.5,BUDDY_BIG,NONE,FAMILY_CETODDLE,50000,50,True,True,True
976,VELUZA,VELUZA_NORMAL,207,196,139,POKEMON_TYPE_WATER,POKEMON_TYPE_PSYCHIC,0,0,2.5,0.3125,90.0,11.25,0,3.0,0,BUDDY_NORMAL,NONE,FAMILY_VELUZA,75000,75,True,True,True
977,DONDOZO,DONDOZO_NORMAL,312,176,178,POKEMON_TYPE_WATER,POKEMON_TYPE_NONE,0,0,12.0,1.5,220.0,27.5,0,5.0,3.0,BUDDY_BIG,NONE,FAMILY_DONDOZO,75000,75,True,True,True
978,TATSUGIRI,TATSUGIRI_CURLY/TATSUGIRI_DROOPY/TATSUGIRI_STRETCHY,169,226,166,POKEMON_TYPE_DRAGON,POKEMON_TYPE_WATER,0,0,0.3,0.0375,8.0,1.0,0,5.0,1.0,BUDDY_NORMAL,NONE,FAMILY_TATSUGIRI,75000,75,True,True,True
979,ANNIHILAPE,ANNIHILAPE_NORMAL,242,220,178,POKEMON_TYPE_FIGHTING,POKEMON_TYPE_GHOST,0,0,1.2,0.15,56.0,7.0,0,3.0,1.2,BUDDY_NORMAL,NONE,FAMILY_MANKEY,50000,50,True,True,True
980,CLODSIRE,CLODSIRE_NORMAL,277,127,151,POKEMON_TYPE_POISON,POKEMON_TYPE_GROUND,0,0,1.8,0.225,223.0,27.875,0,3.0,2.0,BUDDY_BIG,NONE,FAMILY_WOOPER,50000,50,True,True,True
981,FARIGIRAF,FARIGIRAF_NORMAL,260,209,136,POKEMON_TYPE_NORMAL,POKEMON_TYPE_PSYCHIC,0,0,3.2,0.4,160.0,20.0,0,3.0,0,BUDDY_NORMAL,NONE,FAMILY_GIRAFARIG,50000,50,True,True,True
982,DUDUNSPARCE,DUDUNSPARCE_THREE/DUDUNSPARCE_TWO,268,188,150,POKEMON_TYPE_NORMAL,POKEMON_TYPE_NONE,0,0,3.6,0.45,39.2,4.9,0,3.0,0,BUDDY_NORMAL,NONE,FAMILY_DUNSPARCE,50000,50,True,True,True
983,KINGAMBIT,KINGAMBIT_NORMAL,225,238,203,POKEMON_TYPE_DARK,POKEMON_TYPE_STEEL,0,0,2.0,0.25,120.0,15.0,0,5.0,0.74,BUDDY_NORMAL,NONE,FAMILY_PAWNIARD,75000,75,True,True,True
984,GREATTUSK,GREATTUSK_NORMAL,251,249,209,POKEMON_TYPE_GROUND,POKEMON_TYPE_FIGHTING,0,0,2.2,0.275,320.0,40.0,0,20.0,0,BUDDY_NORMAL,NONE,FAMILY_GREATTUSK,100000,100,True,True,True
985,SCREAMTAIL,SCREAMTAIL_NORMAL,251,139,234,POKEMON_TYPE_FAIRY,POKEMON_TYPE_PSYCHIC,0,0,1.2,0.15,8.0,1.0,0,20.0,1.2,BUDDY_NORMAL,NONE,FAMILY_SCREAMTAIL,100000,100,True,True,True
986,BRUTEBONNET,BRUTEBONNET_NORMAL,244,232,190,POKEMON_TYPE_GRASS,POKEMON_TYPE_DARK,0,0,1.2,0.15,21.0,2.625,0,20.0,0,BUDDY_NORMAL,NONE,FAMILY_BRUTEBONNET,100000,100,True,True,True
987,FLUTTERMANE,FLUTTERMANE_NORMAL,146,280,235,POKEMON_TYPE_GHOST,POKEMON_TYPE_FAIRY,0,0,1.4,0.175,4.0,0.5,0,20.0,0,BUDDY_NORMAL,NONE,FAMILY_FLUTTERMANE,100000,100,True,True,True
988,SLITHERWING,SLITHERWING_NORMAL,198,261,193,POKEMON_TYPE_BUG,POKEMON_TYPE_FIGHTING,0,0,3.2,0.4,92.0,11.5,0,20.0,0,BUDDY_NORMAL,NONE,FAMILY_SLITHERWING,100000,100,True,True,True
989,SANDYSHOCKS,SANDYSHOCKS_NORMAL,198,244,195,POKEMON_TYPE_ELECTRIC,POKEMON_TYPE_GROUND,0,0,2.3,0.2875,60.0,7.5,0,20.0,0,BUDDY_NORMAL,NONE,FAMILY_SANDYSHOCKS,100000,100,True,True,True
990,IRONTREADS,IRONTREADS_NORMAL,207,227,216,POKEMON_TYPE_GROUND,POKEMON_TYPE_STEEL,0,0,0.9,0.1125,240.0,30.0,0,20.0,0,BUDDY_NORMAL,NONE,FAMILY_IRONTREADS,100000,100,True,True,True
991,IRONBUNDLE,IRONBUNDLE_NORMAL,148,266,211,POKEMON_TYPE_ICE,POKEMON_TYPE_WATER,0,0,0.6,0.075,11.0,1.375,0,20.0,0,BUDDY_NORMAL,NONE,FAMILY_IRONBUNDLE,100000,100,True,True,True
992,IRONHANDS,IRONHANDS_NORMAL,319,245,177,POKEMON_TYPE_FIGHTING,POKEMON_TYPE_ELECTRIC,0,0,1.8,0.225,380.7,47.5875,0,20.0,0,BUDDY_NORMAL,NONE,FAMILY_IRONHANDS,100000,100,True,True,True
993,IRONJUGULIS,IRONJUGULIS_NORMAL,214,249,179,POKEMON_TYPE_DARK,POKEMON_TYPE_FLYING,0,0,1.3,0.1625,111.0,13.875,0,20.0,0,BUDDY_NORMAL,NONE,FAMILY_IRONJUGULIS,100000,100,True,True,True
994,IRONMOTH,IRONMOTH_NORMAL,190,281,196,POKEMON_TYPE_FIRE,POKEMON_TYPE_POISON,0,0,1.2,0.15,36.0,4.5,0,20.0,0,BUDDY_NORMAL,NONE,FAMILY_IRONMOTH,100000,100,True,True,True
995,IRONTHORNS,IRONTHORNS_NORMAL,225,250,200,POKEMON_TYPE_ROCK,POKEMON_TYPE_ELECTRIC,0,0,1.6,0.2,303.0,37.875,0,20.0,0,BUDDY_NORMAL,NONE,FAMILY_IRONTHORNS,100000,100,True,True,True
996,FRIGIBAX,FRIGIBAX_NORMAL,163,134,86,POKEMON_TYPE_DRAGON,POKEMON_TYPE_ICE,0,0,0.5,0.0625,17.0,2.125,0,5.0,0.5,BUDDY_NORMAL,NONE,FAMILY_FRIGIBAX,75000,75,True,True,True
997,ARCTIBAX,ARCTIBAX_NORMAL,207,173,128,POKEMON_TYPE_DRAGON,POKEMON_TYPE_ICE,0,0,0.8,0.1,30.0,3.75,0,5.0,0.8,BUDDY_NORMAL,NONE,FAMILY_FRIGIBAX,75000,75,True,True,True
998,BAXCALIBUR,BAXCALIBUR_NORMAL,229,254,168,POKEMON_TYPE_DRAGON,POKEMON_TYPE_ICE,0,0,2.1,0.2625,210.0,26.25,0,5.0,2.1,BUDDY_BIG,NONE,FAMILY_FRIGIBAX,75000,75,True,True,True
999,GIMMIGHOUL,GIMMIGHOUL_COIN_A1/GIMMIGHOUL_NORMAL,128,140,76,POKEMON_TYPE_GHOST,POKEMON_TYPE_NONE,0,0,0.1,0.0125,0.1,0.0125,0,5.0,0.4,BUDDY_NORMAL,NONE,FAMILY_GIMMIGHOUL,10000,25,True,True,True
1000,GHOLDENGO,GHOLDENGO_NORMAL,202,252,190,POKEMON_TYPE_STEEL,POKEMON_TYPE_GHOST,0,0,1.2,0.15,30.0,3.75,0,5.0,1.0,BUDDY_NORMAL,NONE,FAMILY_GIMMIGHOUL,10000,25,True,True,True
1001,WOCHIEN,WOCHIEN_NORMAL,198,186,242,POKEMON_TYPE_DARK,POKEMON_TYPE_GRASS,0,0,1.5,0.1875,74.2,9.275,0,20.0,0,BUDDY_NORMAL,POKEMON_CLASS_LEGENDARY,FAMILY_WOCHIEN,100000,100,True,False,True
1002,CHIENPAO,CHIENPAO_NORMAL,190,261,167,POKEMON_TYPE_DARK,POKEMON_TYPE_ICE,0,0,1.9,0.2375,152.2,19.025,0,20.0,0,BUDDY_NORMAL,POKEMON_CLASS_LEGENDARY,FAMILY_CHIENPAO,100000,100,True,False,True
1003,TINGLU,TINGLU_NORMAL,321,194,203,POKEMON_TYPE_DARK,POKEMON_TYPE_GROUND,0,0,2.7,0.3375,669.7,83.7125,0,20.0,0,BUDDY_NORMAL,POKEMON_CLASS_LEGENDARY,FAMILY_TINGLU,100000,100,True,False,True
1004,CHIYU,CHIYU_NORMAL,146,269,221,POKEMON_TYPE_DARK,POKEMON_TYPE_FIRE,0,0,0.4,0.05,4.9,0.6125,0,20.0,0,BUDDY_NORMAL,POKEMON_CLASS_LEGENDARY,FAMILY_CHIYU,100000,100,True,False,True
1005,ROARINGMOON,ROARINGMOON_NORMAL,233,280,196,POKEMON_TYPE_DRAGON,POKEMON_TYPE_DARK,0,0,2.0,0.25,380.0,47.5,0,20.0,0,BUDDY_NORMAL,NONE,FAMILY_ROARINGMOON,100000,100,True,True,True
1006,IRONVALIANT,IRONVALIANT_NORMAL,179,279,171,POKEMON_TYPE_FAIRY,POKEMON_TYPE_FIGHTING,0,0,1.4,0.175,35.0,4.375,0,20.0,0,BUDDY_NORMAL,NONE,FAMILY_IRONVALIANT,100000,100,True,True,True
1007,KORAIDON,KORAIDON_APEX,205,263,223,POKEMON_TYPE_FIGHTING,POKEMON_TYPE_DRAGON,0,0,2.5,0.3125,303.0,37.875,0,20.0,0,BUDDY_NORMAL,POKEMON_CLASS_LEGENDARY,FAMILY_KORAIDON,100000,100,True,False,True
1008,MIRAIDON,MIRAIDON_ULTIMATE,205,263,223,POKEMON_TYPE_ELECTRIC,POKEMON_TYPE_DRAGON,0,0,3.5,0.4375,240.0,30.0,0,20.0,0,BUDDY_NORMAL,POKEMON_CLASS_LEGENDARY,FAMILY_MIRAIDON,100000,100,True,False,True
1009,WALKINGWAKE,WALKINGWAKE_NORMAL,203,233,171,POKEMON_TYPE_WATER,POKEMON_TYPE_DRAGON,0,0,3.5,0.4375,280.0,35.0,0,20.0,0,BUDDY_NORMAL,POKEMON_CLASS_LEGENDARY,FAMILY_WALKINGWAKE,100000,100,True,False,True
1010,IRONLEAVES,IRONLEAVES_NORMAL,189,236,194,POKEMON_TYPE_GRASS,POKEMON_TYPE_PSYCHIC,0,0,1.5,0.1875,125.0,15.625,0,20.0,0,BUDDY_NORMAL,POKEMON_CLASS_LEGENDARY,FAMILY_IRONLEAVES,100000,100,True,False,True
1011,DIPPLIN,DIPPLIN_NORMAL,190,173,184,POKEMON_TYPE_GRASS,POKEMON_TYPE_DRAGON,0,0,0.4,0.05,4.4,0.55,0,5.0,0.4,BUDDY_NORMAL,NONE,FAMILY_APPLIN,75000,75,True,True,True
1012,POLTCHAGEIST,POLTCHAGEIST_ARTISAN/POLTCHAGEIST_COUNTERFEIT,120,134,96,POKEMON_TYPE_GRASS,POKEMON_TYPE_GHOST,0,0,0.1,0.0125,1.1,0.1375,0,3.0,0.2,BUDDY_NORMAL,NONE,FAMILY_POLTCHAGEIST,50000,50,True,True,True
1013,SINISTCHA,SINISTCHA_MASTERPIECE/SINISTCHA_UNREMARKABLE,174,225,191,POKEMON_TYPE_GRASS,POKEMON_TYPE_GHOST,0,0,0.2,0.025,2.2,0.275,0,3.0,0.32,BUDDY_NORMAL,NONE,FAMILY_POLTCHAGEIST,50000,50,True,True,True
1014,OKIDOGI,OKIDOGI_NORMAL,186,220,191,POKEMON_TYPE_POISON,POKEMON_TYPE_FIGHTING,0,0,1.8,0.225,92.2,11.525,0,20.0,0,BUDDY_NORMAL,POKEMON_CLASS_LEGENDARY,FAMILY_OKIDOGI,100000,100,True,False,True
1015,MUNKIDORI,MUNKIDORI_NORMAL,186,238,157,POKEMON_TYPE_POISON,POKEMON_TYPE_PSYCHIC,0,0,1.0,0.125,12.2,1.525,0,20.0,0,BUDDY_NORMAL,POKEMON_CLASS_LEGENDARY,FAMILY_MUNKIDORI,100000,100,True,False,True
1016,FEZANDIPITI,FEZANDIPITI_NORMAL,186,169,208,POKEMON_TYPE_POISON,POKEMON_TYPE_FAIRY,0,0,1.4,0.175,30.1,3.7625,0,20.0,0,BUDDY_NORMAL,POKEMON_CLASS_LEGENDARY,FAMILY_FEZANDIPITI,100000,100,True,False,True
1017,OGERPON,,173,219,178,POKEMON_TYPE_GRASS,POKEMON_TYPE_NONE,0,0,1.2,0.15,39.8,4.975,0,20.0,0,BUDDY_NORMAL,POKEMON_CLASS_LEGENDARY,FAMILY_OGERPON,100000,100,True,False,True
1018,ARCHALUDON,ARCHALUDON_NORMAL,207,250,215,POKEMON_TYPE_STEEL,POKEMON_TYPE_DRAGON,0,0,2.0,0.25,60.0,7.5,0,5.0,0,BUDDY_NORMAL,NONE,FAMILY_DURALUDON,75000,75,True,True,True
1019,HYDRAPPLE,HYDRAPPLE_NORMAL,235,216,186,POKEMON_TYPE_GRASS,POKEMON_TYPE_DRAGON,0,0,1.8,0.225,93.0,11.625,0,5.0,1.8,BUDDY_NORMAL,NONE,FAMILY_APPLIN,75000,75,True,True,True
1020,GOUGINGFIRE,GOUGINGFIRE_NORMAL,213,205,208,POKEMON_TYPE_FIRE,POKEMON_TYPE_DRAGON,0,0,3.5,0.4375,590.0,73.75,0,20.0,0,BUDDY_NORMAL,POKEMON_CLASS_LEGENDARY,FAMILY_GOUGINGFIRE,100000,100,True,False,True
1021,RAGINGBOLT,RAGINGBOLT_NORMAL,245,235,165,POKEMON_TYPE_ELECTRIC,POKEMON_TYPE_DRAGON,0,0,5.2,0.65,480.0,60.0,0,20.0,0,BUDDY_NORMAL,POKEMON_CLASS_LEGENDARY,FAMILY_RAGINGBOLT,100000,100,True,False,True
1022,IRONBOULDER,IRONBOULDER_NORMAL,189,227,195,POKEMON_TYPE_ROCK,POKEMON_TYPE_PSYCHIC,0,0,1.5,0.1875,162.5,20.3125,0,20.0,0,BUDDY_NORMAL,POKEMON_CLASS_LEGENDARY,FAMILY_IRONBOULDER,100000,100,True,False,True
1023,IRONCROWN,IRONCROWN_NORMAL,189,221,200,POKEMON_TYPE_STEEL,POKEMON_TYPE_PSYCHIC,0,0,1.6,0.2,156.0,19.5,0,20.0,0,BUDDY_NORMAL,POKEMON_CLASS_LEGENDARY,FAMILY_IRONCROWN,100000,100,True,False,True
1024,TERAPAGOS,TERAPAGOS_NORMAL,207,126,165,POKEMON_TYPE_NORMAL,POKEMON_TYPE_NONE,0,0,0.2,0.025,6.5,0.8125,0,20.0,0,BUDDY_NORMAL,POKEMON_CLASS_LEGENDARY,FAMILY_TERAPAGOS,100000,100,True,False,True
1025,PECHARUNT,PECHARUNT_NORMAL,186,164,248,POKEMON_TYPE_POISON,POKEMON_TYPE_GHOST,0,0,0.3,0.0375,0.3,0.0375,0,20.0,0,BUDDY_NORMAL,POKEMON_CLASS_MYTHIC,FAMILY_PECHARUNT,100000,100,True,False,True